-- phpMyAdmin SQL Dump
-- version 3.5.1
-- http://www.phpmyadmin.net
--
-- Host: localhost
-- Generation Time: Apr 27, 2015 at 05:00 PM
-- Server version: 5.5.24-log
-- PHP Version: 5.4.3

SET SQL_MODE="NO_AUTO_VALUE_ON_ZERO";
SET time_zone = "+00:00";


/*!40101 SET @OLD_CHARACTER_SET_CLIENT=@@CHARACTER_SET_CLIENT */;
/*!40101 SET @OLD_CHARACTER_SET_RESULTS=@@CHARACTER_SET_RESULTS */;
/*!40101 SET @OLD_COLLATION_CONNECTION=@@COLLATION_CONNECTION */;
/*!40101 SET NAMES utf8 */;

--
-- Database: `tomatucar`
--

-- --------------------------------------------------------

--
-- Table structure for table `annios`
--

CREATE TABLE IF NOT EXISTS `annios` (
  `idAnnio` int(11) NOT NULL AUTO_INCREMENT,
  `Annio` int(11) NOT NULL,
  PRIMARY KEY (`idAnnio`)
) ENGINE=InnoDB  DEFAULT CHARSET=utf8 AUTO_INCREMENT=67 ;

--
-- Dumping data for table `annios`
--

INSERT INTO `annios` (`idAnnio`, `Annio`) VALUES
(1, 1950),
(2, 1951),
(3, 1952),
(4, 1953),
(5, 1954),
(6, 1955),
(7, 1956),
(8, 1957),
(9, 1958),
(10, 1959),
(11, 1960),
(12, 1961),
(13, 1962),
(14, 1963),
(15, 1964),
(16, 1965),
(17, 1966),
(18, 1967),
(19, 1968),
(20, 1969),
(21, 1970),
(22, 1971),
(23, 1972),
(24, 1973),
(25, 1974),
(26, 1975),
(27, 1976),
(28, 1977),
(29, 1978),
(30, 1979),
(31, 1980),
(32, 1981),
(33, 1982),
(34, 1983),
(35, 1984),
(36, 1985),
(37, 1986),
(38, 1987),
(39, 1988),
(40, 1989),
(41, 1990),
(42, 1991),
(43, 1992),
(44, 1993),
(45, 1994),
(46, 1995),
(47, 1996),
(48, 1997),
(49, 1998),
(50, 1999),
(51, 2000),
(52, 2001),
(53, 2002),
(54, 2003),
(55, 2004),
(56, 2005),
(57, 2006),
(58, 2007),
(59, 2008),
(60, 2009),
(61, 2010),
(62, 2011),
(63, 2012),
(64, 2013),
(65, 2014),
(66, 2015);

-- --------------------------------------------------------

--
-- Table structure for table `ciudades`
--

CREATE TABLE IF NOT EXISTS `ciudades` (
  `idCiudad` int(11) NOT NULL AUTO_INCREMENT,
  `idEstado` int(11) NOT NULL,
  `Nombre` varchar(100) NOT NULL,
  PRIMARY KEY (`idCiudad`)
) ENGINE=InnoDB  DEFAULT CHARSET=utf8 AUTO_INCREMENT=2465 ;

--
-- Dumping data for table `ciudades`
--

INSERT INTO `ciudades` (`idCiudad`, `idEstado`, `Nombre`) VALUES
(1, 1, 'Comondu'),
(2, 1, 'La Paz'),
(3, 1, 'Loreto'),
(4, 1, 'Los Cabos'),
(5, 1, 'Mulege'),
(6, 2, 'Ensenada'),
(7, 2, 'Mexicali'),
(8, 2, 'Playas de Rosarito'),
(9, 2, 'Tecate'),
(10, 2, 'Tijuana'),
(11, 3, 'Aconchi'),
(12, 3, 'Agua Prieta'),
(13, 3, 'Alamos'),
(14, 3, 'Altar'),
(15, 3, 'Arivechi'),
(16, 3, 'Arizpe'),
(17, 3, 'Atil'),
(18, 3, 'Bacadehuachi'),
(19, 3, 'Bacanora'),
(20, 3, 'Bacerac'),
(21, 3, 'Bacoachi'),
(22, 3, 'Bacum'),
(23, 3, 'Banamichi'),
(24, 3, 'Baviacora'),
(25, 3, 'Bavispe'),
(26, 3, 'Benito Juarez'),
(27, 3, 'Benjamin Hill'),
(28, 3, 'Caborca'),
(29, 3, 'Cajeme'),
(30, 3, 'Cananea'),
(31, 3, 'Carbo'),
(32, 3, 'Cucurpe'),
(33, 3, 'Cumpas'),
(34, 3, 'Divisaderos'),
(35, 3, 'Empalme'),
(36, 3, 'Etchojoa'),
(37, 3, 'Fronteras'),
(38, 3, 'General Plutarco Eli'),
(39, 3, 'Granados'),
(40, 3, 'Guaymas'),
(41, 3, 'Hermosillo'),
(42, 3, 'Heroica Nogales'),
(43, 3, 'Huachinera'),
(44, 3, 'Huasabas'),
(45, 3, 'Huatabampo'),
(46, 3, 'Huepac'),
(47, 3, 'Imuris'),
(48, 3, 'La Colorada'),
(49, 3, 'Magdalena'),
(50, 3, 'Mazatan'),
(51, 3, 'Moctezuma'),
(52, 3, 'Naco'),
(53, 3, 'Nacori Chico'),
(54, 3, 'Nacozari de Garcia'),
(55, 3, 'Navojoa'),
(56, 3, 'Onavas'),
(57, 3, 'Opodepe'),
(58, 3, 'Oquitoa'),
(59, 3, 'Pitiquito'),
(60, 3, 'Puerto Peñasco'),
(61, 3, 'Quiriego'),
(62, 3, 'Rayon'),
(63, 3, 'Rosario'),
(64, 3, 'Sahuaripa'),
(65, 3, 'San Felipe de Jesus'),
(66, 3, 'San Ignacio Rio Muer'),
(67, 3, 'San Javier'),
(68, 3, 'San Luis Rio Colorado'),
(69, 3, 'San Miguel de Horcasitas'),
(70, 3, 'San Pedro de la Cueva'),
(71, 3, 'Santa Ana'),
(72, 3, 'Santa Cruz'),
(73, 3, 'Saric'),
(74, 3, 'Soyopa'),
(75, 3, 'Suaqui Grande'),
(76, 3, 'Tepache'),
(77, 3, 'Trincheras'),
(78, 3, 'Tubutama'),
(79, 3, 'Ures'),
(80, 3, 'Villa Hidalgo'),
(81, 3, 'Villa Pesqueira'),
(82, 3, 'Yecora'),
(83, 4, 'Ahumada'),
(84, 4, 'Aldama'),
(85, 4, 'Allende'),
(86, 4, 'Aquiles Serdan'),
(87, 4, 'Ascension'),
(88, 4, 'Bachiniva'),
(89, 4, 'Balleza'),
(90, 4, 'Batopilas'),
(91, 4, 'Bocoyna'),
(92, 4, 'Buenaventura'),
(93, 4, 'Camargo'),
(94, 4, 'Carichi'),
(95, 4, 'Casas Grandes'),
(96, 4, 'Chihuahua'),
(97, 4, 'Chinipas'),
(98, 4, 'Coronado'),
(99, 4, 'Coyame del Sotol'),
(100, 4, 'Cuauhtemoc'),
(101, 4, 'Cusihuiriachi'),
(102, 4, 'Delicias'),
(103, 4, 'Dr. Belisario Dominguez'),
(104, 4, 'El Tule'),
(105, 4, 'Galeana'),
(106, 4, 'Gomez Farias'),
(107, 4, 'Gran Morelos'),
(108, 4, 'Guachochi'),
(109, 4, 'Guadalupe'),
(110, 4, 'Guadalupe y Calvo'),
(111, 4, 'Guazapares'),
(112, 4, 'Guerrero'),
(113, 4, 'Hidalgo del Parral'),
(114, 4, 'Huejotitan'),
(115, 4, 'Ignacio Zaragoza'),
(116, 4, 'Janos'),
(117, 4, 'Jimenez'),
(118, 4, 'Juarez'),
(119, 4, 'Julimes'),
(120, 4, 'La Cruz'),
(121, 4, 'Lopez'),
(122, 4, 'Madera'),
(123, 4, 'Maguarichi'),
(124, 4, 'Manuel Benavides'),
(125, 4, 'Matachi'),
(126, 4, 'Matamoros'),
(127, 4, 'Meoqui'),
(128, 4, 'Morelos'),
(129, 4, 'Moris'),
(130, 4, 'Namiquipa'),
(131, 4, 'Nonoava'),
(132, 4, 'Nuevo Casas Grandes'),
(133, 4, 'Ocampo'),
(134, 4, 'Ojinaga'),
(135, 4, 'Praxedis G. Guerrero'),
(136, 4, 'Riva Palacio'),
(137, 4, 'Rosales'),
(138, 4, 'Rosario'),
(139, 4, 'San Francisco de Borja'),
(140, 4, 'San Francisco de Conchos'),
(141, 4, 'San Francisco del Oro'),
(142, 4, 'Santa Barbara'),
(143, 4, 'Santa Isabel'),
(144, 4, 'Satevo'),
(145, 4, 'Saucillo'),
(146, 4, 'Temosachi'),
(147, 4, 'Urique'),
(148, 4, 'Uruachi'),
(149, 4, 'Valle de Zaragoza'),
(150, 5, 'Abasolo'),
(151, 5, 'Acuña'),
(152, 5, 'Allende'),
(153, 5, 'Arteaga'),
(154, 5, 'Candela'),
(155, 5, 'Castaños'),
(156, 5, 'Cuatrocienegas'),
(157, 5, 'Escobedo'),
(158, 5, 'Francisco I. Madero'),
(159, 5, 'Frontera'),
(160, 5, 'General Cepeda'),
(161, 5, 'Guerrero'),
(162, 5, 'Hidalgo'),
(163, 5, 'Jimenez'),
(164, 5, 'Juarez'),
(165, 5, 'Lamadrid'),
(166, 5, 'Matamoros'),
(167, 5, 'Monclova'),
(168, 5, 'Morelos'),
(169, 5, 'Muzquiz'),
(170, 5, 'Nadadores'),
(171, 5, 'Nava'),
(172, 5, 'Ocampo'),
(173, 5, 'Parras'),
(174, 5, 'Piedras Negras'),
(175, 5, 'Progreso'),
(176, 5, 'Ramos Arizpe'),
(177, 5, 'Sabinas'),
(178, 5, 'Sacramento'),
(179, 5, 'Saltillo'),
(180, 5, 'San Buenaventura'),
(181, 5, 'San Juan de Sabinas'),
(182, 5, 'San Pedro'),
(183, 5, 'Sierra Mojada'),
(184, 5, 'Torreon'),
(185, 5, 'Viesca'),
(186, 5, 'Villa Union'),
(187, 5, 'Zaragoza'),
(188, 6, 'Abasolo'),
(189, 6, 'Agualeguas'),
(190, 6, 'Allende'),
(191, 6, 'Anahuac'),
(192, 6, 'Apodaca'),
(193, 6, 'Aramberri'),
(194, 6, 'Bustamante'),
(195, 6, 'Cadereyta Jimenez'),
(196, 6, 'Carmen'),
(197, 6, 'Cerralvo'),
(198, 6, 'China'),
(199, 6, 'Cienega de Flores'),
(200, 6, 'Dr. Coss'),
(201, 6, 'Dr. Arroyo'),
(202, 6, 'Dr. Gonzalez'),
(203, 6, 'Galeana'),
(204, 6, 'Garcia'),
(205, 6, 'Gral. Escobedo'),
(206, 6, 'Gral. Teran'),
(207, 6, 'Gral. Treviño'),
(208, 6, 'Gral. Zaragoza'),
(209, 6, 'Gral. Zuazua'),
(210, 6, 'Gral. Bravo'),
(211, 6, 'Guadalupe'),
(212, 6, 'Hidalgo'),
(213, 6, 'Higueras'),
(214, 6, 'Hualahuises'),
(215, 6, 'Iturbide'),
(216, 6, 'Juarez'),
(217, 6, 'Lampazos de Naranjo'),
(218, 6, 'Linares'),
(219, 6, 'Los Aldamas'),
(220, 6, 'Los Herreras'),
(221, 6, 'Los Ramones'),
(222, 6, 'Marin'),
(223, 6, 'Melchor Ocampo'),
(224, 6, 'Mier y Noriega'),
(225, 6, 'Mina'),
(226, 6, 'Montemorelos'),
(227, 6, 'Monterrey'),
(228, 6, 'Paras'),
(229, 6, 'Pesqueria'),
(230, 6, 'Rayones'),
(231, 6, 'Sabinas Hidalgo'),
(232, 6, 'Salinas Victoria'),
(233, 6, 'San Nicolas de los Garza'),
(234, 6, 'San Pedro Garza Garcia'),
(235, 6, 'Santa Catarina'),
(236, 6, 'Santiago'),
(237, 6, 'Vallecillo'),
(238, 6, 'Villaldama'),
(239, 7, 'Abasolo'),
(240, 7, 'Aldama'),
(241, 7, 'Altamira'),
(242, 7, 'Antiguo Morelos'),
(243, 7, 'Burgos'),
(244, 7, 'Bustamante'),
(245, 7, 'Camargo'),
(246, 7, 'Casas'),
(247, 7, 'Ciudad Madero'),
(248, 7, 'Cruillas'),
(249, 7, 'El Mante'),
(250, 7, 'Guemez'),
(251, 7, 'Gomez Farias'),
(252, 7, 'Gonzalez'),
(253, 7, 'Guerrero'),
(254, 7, 'Gustavo Diaz Ordaz'),
(255, 7, 'Hidalgo'),
(256, 7, 'Jaumave'),
(257, 7, 'Jimenez'),
(258, 7, 'Llera'),
(259, 7, 'Mainero'),
(260, 7, 'Matamoros'),
(261, 7, 'Mendez'),
(262, 7, 'Mier'),
(263, 7, 'Miguel Aleman'),
(264, 7, 'Miquihuana'),
(265, 7, 'Nuevo Laredo'),
(266, 7, 'Nuevo Morelos'),
(267, 7, 'Ocampo'),
(268, 7, 'Padilla'),
(269, 7, 'Palmillas'),
(270, 7, 'Reynosa'),
(271, 7, 'Rio Bravo'),
(272, 7, 'San Carlos'),
(273, 7, 'San Fernando'),
(274, 7, 'San Nicolas'),
(275, 7, 'Soto la Marina'),
(276, 7, 'Tampico'),
(277, 7, 'Tula'),
(278, 7, 'Valle Hermoso'),
(279, 7, 'Victoria'),
(280, 7, 'Villagran'),
(281, 7, 'Xicotencatl'),
(282, 8, 'Ahualulco'),
(283, 8, 'Alaquines'),
(284, 8, 'Aquismon'),
(285, 8, 'Armadillo de los Infante'),
(286, 8, 'Axtla de Terrazas'),
(287, 8, 'Cardenas'),
(288, 8, 'Catorce'),
(289, 8, 'Cedral'),
(290, 8, 'Cerritos'),
(291, 8, 'Cerro de San Pedro'),
(292, 8, 'Charcas'),
(293, 8, 'Ciudad del Maiz'),
(294, 8, 'Ciudad Fernandez'),
(295, 8, 'Ciudad Valles'),
(296, 8, 'Coxcatlan'),
(297, 8, 'Ebano'),
(298, 8, 'El Naranjo'),
(299, 8, 'Guadalcazar'),
(300, 8, 'Huehuetlan'),
(301, 8, 'Lagunillas'),
(302, 8, 'Matehuala'),
(303, 8, 'Matlapa'),
(304, 8, 'Mexquitic de Carmona'),
(305, 8, 'Moctezuma'),
(306, 8, 'Rayon'),
(307, 8, 'Rioverde'),
(308, 8, 'Salinas'),
(309, 8, 'San Antonio'),
(310, 8, 'San Ciro de Acosta'),
(311, 8, 'San Luis Potosi'),
(312, 8, 'San Martin Chalchicuautla'),
(313, 8, 'San Nicolas Tolentino'),
(314, 8, 'San Vicente Tancuayalab'),
(315, 8, 'Santa Catarina'),
(316, 8, 'Santa Maria del Rio'),
(317, 8, 'Santo Domingo'),
(318, 8, 'Soledad de Graciano Sanchez'),
(319, 8, 'Tamasopo'),
(320, 8, 'Tamazunchale'),
(321, 8, 'Tampacan'),
(322, 8, 'Tampamolon Corona'),
(323, 8, 'Tamuin'),
(324, 8, 'Tancanhuitz'),
(325, 8, 'Tanlajas'),
(326, 8, 'Tanquian de Escobedo'),
(327, 8, 'Tierra Nueva'),
(328, 8, 'Vanegas'),
(329, 8, 'Venado'),
(330, 8, 'Villa de Arista'),
(331, 8, 'Villa de Arriaga'),
(332, 8, 'Villa de Guadalupe'),
(333, 8, 'Villa de la Paz'),
(334, 8, 'Villa de Ramos'),
(335, 8, 'Villa de Reyes'),
(336, 8, 'Villa Hidalgo'),
(337, 8, 'Villa Juarez'),
(338, 8, 'Xilitla'),
(339, 8, 'Zaragoza'),
(340, 9, 'Canatlan'),
(341, 9, 'Canelas'),
(342, 9, 'Coneto de Comonfort'),
(343, 9, 'Cuencame'),
(344, 9, 'Durango'),
(345, 9, 'El Oro'),
(346, 9, 'Gomez Palacio'),
(347, 9, 'Gral. Simon Boivar'),
(348, 9, 'Guadalupe Victoria'),
(349, 9, 'Guanacevi'),
(350, 9, 'Hidalgo'),
(351, 9, 'Inde'),
(352, 9, 'Lerdo'),
(353, 9, 'Mapimi'),
(354, 9, 'Mezquital'),
(355, 9, 'Nazas'),
(356, 9, 'Nombre de Dios'),
(357, 9, 'Nuevo Ideal'),
(358, 9, 'Ocampo'),
(359, 9, 'Otaez'),
(360, 9, 'Panuco de Coronado'),
(361, 9, 'Peñon Blanco'),
(362, 9, 'Poanas'),
(363, 9, 'Pueblo Nuevo'),
(364, 9, 'Rodeo'),
(365, 9, 'San Bernardo'),
(366, 9, 'San Dimas'),
(367, 9, 'San Juan de Guadalupe'),
(368, 9, 'San Juan del Rio'),
(369, 9, 'San Luis del Cordero'),
(370, 9, 'San Pedro del Gallo'),
(371, 9, 'Santa Clara'),
(372, 9, 'Santiago Papasquiaro'),
(373, 9, 'Suchil'),
(374, 9, 'Tamazula'),
(375, 9, 'Tepehuanes'),
(376, 9, 'Tlahualilo'),
(377, 9, 'Topia'),
(378, 9, 'Vicente Guerrero'),
(379, 10, 'Ahome'),
(380, 10, 'Angostura'),
(381, 10, 'Badiraguato'),
(382, 10, 'Choix'),
(383, 10, 'Concordia'),
(384, 10, 'Cosala'),
(385, 10, 'Culiacan'),
(386, 10, 'El Fuerte'),
(387, 10, 'Elota'),
(388, 10, 'Escuinapa'),
(389, 10, 'Guasave'),
(390, 10, 'Mazatlan'),
(391, 10, 'Mocorito'),
(392, 10, 'Navolato'),
(393, 10, 'Rosario'),
(394, 10, 'Salvador Alvarado'),
(395, 10, 'San Ignacio'),
(396, 10, 'Sinaloa'),
(397, 11, 'Acaponeta'),
(398, 11, 'Ahuacatlan'),
(399, 11, 'Amatlan de Cañas'),
(400, 11, 'Bahia de Banderas'),
(401, 11, 'Compostela'),
(402, 11, 'Del Nayar'),
(403, 11, 'Huajicori'),
(404, 11, 'Ixtlan del Rio'),
(405, 11, 'Jala'),
(406, 11, 'La Yesca'),
(407, 11, 'Rosamorada'),
(408, 11, 'Ruiz'),
(409, 11, 'San Blas'),
(410, 11, 'San Pedro Lagunillas'),
(411, 11, 'Santa Maria del Oro'),
(412, 11, 'Santiago Ixcuintla'),
(413, 11, 'Tecuala'),
(414, 11, 'Tepic'),
(415, 11, 'Tuxpan'),
(416, 11, 'Xalisco'),
(417, 12, 'Acatic'),
(418, 12, 'Acatlan de Juarez'),
(419, 12, 'Ahualulco de Mercado'),
(420, 12, 'Amacueca'),
(421, 12, 'Amatitan'),
(422, 12, 'Ameca'),
(423, 12, 'Arandas'),
(424, 12, 'Atemajac de Brizuela'),
(425, 12, 'Atengo'),
(426, 12, 'Atenguillo'),
(427, 12, 'Atotonilco el Alto'),
(428, 12, 'Atoyac'),
(429, 12, 'Autlan de Navarro'),
(430, 12, 'Ayotlan'),
(431, 12, 'Ayutla'),
(432, 12, 'Bolaños'),
(433, 12, 'Cabo Corrientes'),
(434, 12, 'Cañadas de Obregon'),
(435, 12, 'Casimiro Castillo'),
(436, 12, 'Chapala'),
(437, 12, 'Chimaltitan'),
(438, 12, 'Chiquilistlan'),
(439, 12, 'Cihuatlan'),
(440, 12, 'Cocula'),
(441, 12, 'Colotlan'),
(442, 12, 'Concepcion de Buenos Aires'),
(443, 12, 'Cuautitlan de Garcia Barragan'),
(444, 12, 'Cuautla'),
(445, 12, 'Cuquio'),
(446, 12, 'Degollado'),
(447, 12, 'Ejutla'),
(448, 12, 'EL Arenal'),
(449, 12, 'El Grullo'),
(450, 12, 'El Limon'),
(451, 12, 'El Salto'),
(452, 12, 'Encarnacion de Diaz'),
(453, 12, 'Etzatlan'),
(454, 12, 'Gomez Farias'),
(455, 12, 'Guachinango'),
(456, 12, 'Guadalajara'),
(457, 12, 'Hostotipaquillo'),
(458, 12, 'Huejucar'),
(459, 12, 'Huejuquilla el Alto'),
(460, 12, 'Ixtlahuacan de los Membrillos'),
(461, 12, 'Ixtlahuacan del Rio'),
(462, 12, 'Jalostotitlan'),
(463, 12, 'Jamay'),
(464, 12, 'Jesus Maria'),
(465, 12, 'Jilotlan de los Dolores'),
(466, 12, 'Jocotepec'),
(467, 12, 'Juanacatlan'),
(468, 12, 'Juchitlan'),
(469, 12, 'La Barca'),
(470, 12, 'La Huerta'),
(471, 12, 'La Manzanilla de la Paz'),
(472, 12, 'Lagos de Moreno'),
(473, 12, 'Magdalena'),
(474, 12, 'Mascota'),
(475, 12, 'Mazamitla'),
(476, 12, 'Mexticacan'),
(477, 12, 'Mezquitic'),
(478, 12, 'Mixtlan'),
(479, 12, 'Ocotlan'),
(480, 12, 'Ojuelos de Jalisco'),
(481, 12, 'Pihuamo'),
(482, 12, 'Poncitlan'),
(483, 12, 'Puerto Vallarta'),
(484, 12, 'Quitupan'),
(485, 12, 'San Cristobal de la Barranca'),
(486, 12, 'San Diego de Alejandria'),
(487, 12, 'San Gabriel'),
(488, 12, 'San Juan de los Lagos'),
(489, 12, 'San Juanito de Escobedo'),
(490, 12, 'San Julian'),
(491, 12, 'San Marcos'),
(492, 12, 'San Martin de Bolaños'),
(493, 12, 'San Martin Hidalgo'),
(494, 12, 'San Miguel el Alto'),
(495, 12, 'San Sebastian del Oeste'),
(496, 12, 'Santa Maria de los angeles'),
(497, 12, 'Santa Maria del Oro'),
(498, 12, 'Sayula'),
(499, 12, 'Tala'),
(500, 12, 'Talpa de Allende'),
(501, 12, 'Tamazula de Gordiano'),
(502, 12, 'Tapalpa'),
(503, 12, 'Tecalitlan'),
(504, 12, 'Techaluta de Montenegro'),
(505, 12, 'Tecolotlan'),
(506, 12, 'Tenamaxtlan'),
(507, 12, 'Teocaltiche'),
(508, 12, 'Teocuitatlan de Corona'),
(509, 12, 'Tepatitlan de Morelos'),
(510, 12, 'Tequila'),
(511, 12, 'Teuchitlan'),
(512, 12, 'Tizapan el Alto'),
(513, 12, 'Tlajomulco de Zuñiga'),
(514, 12, 'Tlaquepaque'),
(515, 12, 'Toliman'),
(516, 12, 'Tomatlan'),
(517, 12, 'Tonala'),
(518, 12, 'Tonaya'),
(519, 12, 'Tonila'),
(520, 12, 'Totatiche'),
(521, 12, 'Tototlan'),
(522, 12, 'Tuxcacuesco'),
(523, 12, 'Tuxcueca'),
(524, 12, 'Tuxpan'),
(525, 12, 'Union de San Antonio'),
(526, 12, 'Union de Tula'),
(527, 12, 'Valle de Guadalupe'),
(528, 12, 'Valle de Juarez'),
(529, 12, 'Villa Corona'),
(530, 12, 'Villa Guerrero'),
(531, 12, 'Villa Hidalgo'),
(532, 12, 'Villa Purificacion'),
(533, 12, 'Yahualica de Gonzalez Gallo'),
(534, 12, 'Zacoalco de Torres'),
(535, 12, 'Zapopan'),
(536, 12, 'Zapotiltic'),
(537, 12, 'Zapotitlan de Vadillo'),
(538, 12, 'Zapotlan del Rey'),
(539, 12, 'Zapotlan el Grande'),
(540, 12, 'Zapotlanejo'),
(541, 13, 'Apozol'),
(542, 13, 'Apulco'),
(543, 13, 'Atolinga'),
(544, 13, 'Benito Juarez'),
(545, 13, 'Calera'),
(546, 13, 'Cañitas de Felipe Pescador'),
(547, 13, 'Chalchihuites'),
(548, 13, 'Concepcion del Oro'),
(549, 13, 'Cuauhtemoc'),
(550, 13, 'El Plateado de Joaquin Amaro'),
(551, 13, 'El Salvador'),
(552, 13, 'Fresnillo'),
(553, 13, 'Genaro Codina'),
(554, 13, 'General Enrique Estrada'),
(555, 13, 'General Francisco R. Murguia'),
(556, 13, 'General Panfilo Natera'),
(557, 13, 'Guadalupe'),
(558, 13, 'Huanusco'),
(559, 13, 'Jalpa'),
(560, 13, 'Jerez'),
(561, 13, 'Jimenez del Teul'),
(562, 13, 'Juan Aldama'),
(563, 13, 'Juchipila'),
(564, 13, 'Loreto'),
(565, 13, 'Luis Moya'),
(566, 13, 'Mazapil'),
(567, 13, 'Melchor Ocampo'),
(568, 13, 'Mezquital del Oro'),
(569, 13, 'Miguel Auza'),
(570, 13, 'Momax'),
(571, 13, 'Monte Escobedo'),
(572, 13, 'Morelos'),
(573, 13, 'Moyahua de Estrada'),
(574, 13, 'Nochistlan de Mejia'),
(575, 13, 'Noria de angeles'),
(576, 13, 'Ojocaliente'),
(577, 13, 'Panuco'),
(578, 13, 'Pinos'),
(579, 13, 'Rio Grande'),
(580, 13, 'Sain Alto'),
(581, 13, 'Santa Maria de la Paz'),
(582, 13, 'Sombrerete'),
(583, 13, 'Susticacan'),
(584, 13, 'Tabasco'),
(585, 13, 'Tepechitlan'),
(586, 13, 'Tepetongo'),
(587, 13, 'Teul de Gonzalez Ortega'),
(588, 13, 'Tlaltenango de Sanchez Roman'),
(589, 13, 'Trancoso'),
(590, 13, 'Trinidad Garcia de la Cadena'),
(591, 13, 'Valparaiso'),
(592, 13, 'Vetagrande'),
(593, 13, 'Villa de Cos'),
(594, 13, 'Villa Garcia'),
(595, 13, 'Villa Gonzalez Ortega'),
(596, 13, 'Villa Hidalgo'),
(597, 13, 'Villanueva'),
(598, 13, 'Zacatecas'),
(599, 14, 'Aguascalientes'),
(600, 14, 'Asientos'),
(601, 14, 'Calvillo'),
(602, 14, 'Cosio'),
(603, 14, 'El Llano'),
(604, 14, 'Jesus Maria'),
(605, 14, 'Pabellon de Arteaga'),
(606, 14, 'Rincon de Romos'),
(607, 14, 'San Francisco de los Romo'),
(608, 14, 'San Jose de Gracia'),
(609, 14, 'Tepezala'),
(610, 15, 'Abasolo'),
(611, 15, 'Acambaro'),
(612, 15, 'Allende'),
(613, 15, 'Apaseo el Alto'),
(614, 15, 'Apaseo el Grande'),
(615, 15, 'Atarjea'),
(616, 15, 'Celaya'),
(617, 15, 'Comonfort'),
(618, 15, 'Coroneo'),
(619, 15, 'Cortazar'),
(620, 15, 'Cueramaro'),
(621, 15, 'Doctor Mora'),
(622, 15, 'Dolores Hidalgo'),
(623, 15, 'Guanajuato'),
(624, 15, 'Huanimaro'),
(625, 15, 'Irapuato'),
(626, 15, 'Jaral del Progreso'),
(627, 15, 'Jerecuaro'),
(628, 15, 'Leon'),
(629, 15, 'Manuel Doblado'),
(630, 15, 'Moroleon'),
(631, 15, 'Ocampo'),
(632, 15, 'Penjamo'),
(633, 15, 'Pueblo Nuevo'),
(634, 15, 'Purisima del Rincon'),
(635, 15, 'Romita'),
(636, 15, 'Salamanca'),
(637, 15, 'Salvatierra'),
(638, 15, 'San Diego de la Union'),
(639, 15, 'San Felipe'),
(640, 15, 'San Francisco del Rincon'),
(641, 15, 'San Jose Iturbide'),
(642, 15, 'San Luis de la Paz'),
(643, 15, 'Santa Catarina'),
(644, 15, 'Santa Cruz de Juventino Rosas'),
(645, 15, 'Santiago Maravatio'),
(646, 15, 'Silao'),
(647, 15, 'Tarandacuao'),
(648, 15, 'Tarimoro'),
(649, 15, 'Tierra Blanca'),
(650, 15, 'Uriangato'),
(651, 15, 'Valle de Santiago'),
(652, 15, 'Victoria'),
(653, 15, 'Villagran'),
(654, 15, 'Xichu'),
(655, 15, 'Yuriria'),
(656, 16, 'Amealco de Bonfil'),
(657, 16, 'Arroyo Seco'),
(658, 16, 'Cadereyta de Montes'),
(659, 16, 'Colon'),
(660, 16, 'Corregidora'),
(661, 16, 'El Marques'),
(662, 16, 'Ezequiel Montes'),
(663, 16, 'Huimilpan'),
(664, 16, 'Jalpan de Serra'),
(665, 16, 'Landa de Matamoros'),
(666, 16, 'Pedro Escobedo'),
(667, 16, 'Peñamiller'),
(668, 16, 'Pinal de Amoles'),
(669, 16, 'Queretaro'),
(670, 16, 'San Joaquin'),
(671, 16, 'San Juan del Rio'),
(672, 16, 'Tequisquiapan'),
(673, 16, 'Toliman'),
(674, 17, 'Acambay'),
(675, 17, 'Acolman'),
(676, 17, 'Aculco'),
(677, 17, 'Almoloya de Alquisiras'),
(678, 17, 'Almoloya de Juarez'),
(679, 17, 'Almoloya del Rio'),
(680, 17, 'Amanalco'),
(681, 17, 'Amatepec'),
(682, 17, 'Amecameca'),
(683, 17, 'Apaxco'),
(684, 17, 'Atenco'),
(685, 17, 'Atizapan'),
(686, 17, 'Atizapan de Zaragoza'),
(687, 17, 'Atlacomulco'),
(688, 17, 'Atlautla'),
(689, 17, 'Axapusco'),
(690, 17, 'Ayapango'),
(691, 17, 'Calimaya'),
(692, 17, 'Capulhuac'),
(693, 17, 'Chalco'),
(694, 17, 'Chapa de Mota'),
(695, 17, 'Chapultepec'),
(696, 17, 'Chiautla'),
(697, 17, 'Chicoloapan'),
(698, 17, 'Chiconcuac'),
(699, 17, 'Chimalhuacan'),
(700, 17, 'Coacalco de Berriozabal'),
(701, 17, 'Coatepec Harinas'),
(702, 17, 'Cocotitlan'),
(703, 17, 'Coyotepec'),
(704, 17, 'Cuautitlan'),
(705, 17, 'Cuautitlan Izcalli'),
(706, 17, 'Donato Guerra'),
(707, 17, 'Ecatepec de Morelos'),
(708, 17, 'Ecatzingo'),
(709, 17, 'El Oro'),
(710, 17, 'Huehuetoca'),
(711, 17, 'Hueypoxtla'),
(712, 17, 'Huixquilucan'),
(713, 17, 'Isidro Fabela'),
(714, 17, 'Ixtapaluca'),
(715, 17, 'Ixtapan de la Sal'),
(716, 17, 'Ixtapan del Oro'),
(717, 17, 'Ixtlahuaca'),
(718, 17, 'Jaltenco'),
(719, 17, 'Jilotepec'),
(720, 17, 'Jilotzingo'),
(721, 17, 'Jiquipilco'),
(722, 17, 'Jocotitlan'),
(723, 17, 'Joquicingo'),
(724, 17, 'Juchitepec'),
(725, 17, 'La Paz'),
(726, 17, 'Lerma'),
(727, 17, 'Luvianos'),
(728, 17, 'Malinalco'),
(729, 17, 'Melchor Ocampo'),
(730, 17, 'Metepec'),
(731, 17, 'Mexicaltzingo'),
(732, 17, 'Morelos'),
(733, 17, 'Naucalpan de Juarez'),
(734, 17, 'Nextlalpan'),
(735, 17, 'Nezahualcoyotl'),
(736, 17, 'Nicolas Romero'),
(737, 17, 'Nopaltepec'),
(738, 17, 'Ocoyoacac'),
(739, 17, 'Ocuilan'),
(740, 17, 'Otumba'),
(741, 17, 'Otzoloapan'),
(742, 17, 'Otzolotepec'),
(743, 17, 'Ozumba'),
(744, 17, 'Papalotla'),
(745, 17, 'Polotitlan'),
(746, 17, 'Rayon'),
(747, 17, 'San Antonio la Isla'),
(748, 17, 'San Felipe del Progreso'),
(749, 17, 'San Jose del Rincon'),
(750, 17, 'San Martin de las Piramides'),
(751, 17, 'San Mateo Atenco'),
(752, 17, 'San Simon de Guerrero'),
(753, 17, 'Santo Tomas'),
(754, 17, 'Soyaniquilpan de Juarez'),
(755, 17, 'Sultepec'),
(756, 17, 'Tecamac'),
(757, 17, 'Tejupilco'),
(758, 17, 'Temamatla'),
(759, 17, 'Temascalapa'),
(760, 17, 'Temascalcingo'),
(761, 17, 'Temascaltepec'),
(762, 17, 'Temoaya'),
(763, 17, 'Tenancingo'),
(764, 17, 'Tenango del Aire'),
(765, 17, 'Tenango del Valle'),
(766, 17, 'Teoloyucan'),
(767, 17, 'Teotihuacan'),
(768, 17, 'Tepetlaoxtoc'),
(769, 17, 'Tepetlixpa'),
(770, 17, 'Tepotzotlan'),
(771, 17, 'Tequixquiac'),
(772, 17, 'Texcaltitlan'),
(773, 17, 'Texcalyacac'),
(774, 17, 'Texcoco'),
(775, 17, 'Tezoyuca'),
(776, 17, 'Tianguistenco'),
(777, 17, 'Timilpan'),
(778, 17, 'Tlalmanalco'),
(779, 17, 'Tlalnepantla de Baz'),
(780, 17, 'Tlatlaya'),
(781, 17, 'Toluca'),
(782, 17, 'Tonanitla'),
(783, 17, 'Tonatico'),
(784, 17, 'Tultepec'),
(785, 17, 'Tultitlan'),
(786, 17, 'Valle de Bravo'),
(787, 17, 'Valle de Chalco Solidaridad'),
(788, 17, 'Villa de Allende'),
(789, 17, 'Villa del Carbon'),
(790, 17, 'Villa Guerrero'),
(791, 17, 'Villa Victoria'),
(792, 17, 'Xalatlaco'),
(793, 17, 'Xonacatlan'),
(794, 17, 'Zacazonapan'),
(795, 17, 'Zacualpan'),
(796, 17, 'Zinacantepec'),
(797, 17, 'Zumpahuacan'),
(798, 17, 'Zumpango'),
(799, 18, 'Acatlan'),
(800, 18, 'Acaxochitlan'),
(801, 18, 'Actopan'),
(802, 18, 'Agua Blanca de Iturbide'),
(803, 18, 'Ajacuba'),
(804, 18, 'Alfajayucan'),
(805, 18, 'Almoloya'),
(806, 18, 'Apan'),
(807, 18, 'Atitalaquia'),
(808, 18, 'Atlapexco'),
(809, 18, 'Atotonilco de Tula'),
(810, 18, 'Atotonilco el Grande'),
(811, 18, 'Calnali'),
(812, 18, 'Cardonal'),
(813, 18, 'Chapantongo'),
(814, 18, 'Chapulhuacan'),
(815, 18, 'Chilcuautla'),
(816, 18, 'Cuautepec de Hinojosa'),
(817, 18, 'El Arenal'),
(818, 18, 'Eloxochitlan'),
(819, 18, 'Emiliano Zapata'),
(820, 18, 'Epazoyucan'),
(821, 18, 'Francisco I. Madero'),
(822, 18, 'Huasca de Ocampo'),
(823, 18, 'Huautla'),
(824, 18, 'Huazalingo'),
(825, 18, 'Huehuetla'),
(826, 18, 'Huejutla de Reyes'),
(827, 18, 'Huichapan'),
(828, 18, 'Ixmiquilpan'),
(829, 18, 'Jacala de Ledezma'),
(830, 18, 'Jaltocan'),
(831, 18, 'Juarez Hidalgo'),
(832, 18, 'La Mision'),
(833, 18, 'Lolotla'),
(834, 18, 'Metepec'),
(835, 18, 'Metztitlan'),
(836, 18, 'Mineral de la Reforma'),
(837, 18, 'Mineral del Chico'),
(838, 18, 'Mineral del Monte'),
(839, 18, 'Mixquiahuala de Juarez'),
(840, 18, 'Molango de Escamilla'),
(841, 18, 'Nicolas Flores'),
(842, 18, 'Nopala de Villagran'),
(843, 18, 'Omitlan de Juarez'),
(844, 18, 'Pachuca de Soto'),
(845, 18, 'Pacula'),
(846, 18, 'Pisaflores'),
(847, 18, 'Progreso de Obregon'),
(848, 18, 'San Agustin Metzquititlan'),
(849, 18, 'San Agustin Tlaxiaca'),
(850, 18, 'San Bartolo Tutotepec'),
(851, 18, 'San Felipe Orizatlan'),
(852, 18, 'San Salvador'),
(853, 18, 'Santiago de Anaya'),
(854, 18, 'Santiago Tulantepec de Lugo Guerre'),
(855, 18, 'Singuilucan'),
(856, 18, 'Tasquillo'),
(857, 18, 'Tecozautla'),
(858, 18, 'Tenango de Doria'),
(859, 18, 'Tepeapulco'),
(860, 18, 'Tepehuacan de Guerrero'),
(861, 18, 'Tepeji del Rio de Ocampo'),
(862, 18, 'Tepetitlan'),
(863, 18, 'Tetepango'),
(864, 18, 'Tezontepec de Aldama'),
(865, 18, 'Tianguistengo'),
(866, 18, 'Tizayuca'),
(867, 18, 'Tlahuelilpan'),
(868, 18, 'Tlahuiltepa'),
(869, 18, 'Tlanalapa'),
(870, 18, 'Tlanchinol'),
(871, 18, 'Tlaxcoapan'),
(872, 18, 'Tolcayuca'),
(873, 18, 'Tula de Allende'),
(874, 18, 'Tulancingo de Bravo'),
(875, 18, 'Villa de Tezontepec'),
(876, 18, 'Xochiatipan'),
(877, 18, 'Xochicoatlan'),
(878, 18, 'Yahualica'),
(879, 18, 'Zacualtipan de angeles'),
(880, 18, 'Zapotlan de Juarez'),
(881, 18, 'Zempoala'),
(882, 18, 'Zimapan'),
(883, 19, 'Acuamanala de Miguel Hidalgo'),
(884, 19, 'Altzayanca'),
(885, 19, 'Amaxac de Guerrero'),
(886, 19, 'Apetatitlan de Antonio Carvajal'),
(887, 19, 'Apizaco'),
(888, 19, 'Atlangatepec'),
(889, 19, 'Benito Juarez'),
(890, 19, 'Calpulalpan'),
(891, 19, 'Chiautempan'),
(892, 19, 'Contla de Juan Cuamatzi'),
(893, 19, 'Cuapiaxtla'),
(894, 19, 'Cuaxomulco'),
(895, 19, 'El Carmen Tequexquitla'),
(896, 19, 'Emiliano Zapata'),
(897, 19, 'Españita'),
(898, 19, 'Huamantla'),
(899, 19, 'Hueyotlipan'),
(900, 19, 'Ixtacuixtla de Mariano Matamoros'),
(901, 19, 'Ixtenco'),
(902, 19, 'La Magdalena Tlaltelulco'),
(903, 19, 'Lazaro Cardenas'),
(904, 19, 'Mazatecochco de Jose Maria Morelos'),
(905, 19, 'Muñoz de Domingo Arenas'),
(906, 19, 'Nanacamilpa de Mariano Arista'),
(907, 19, 'Nativitas'),
(908, 19, 'Panotla'),
(909, 19, 'Papalotla de Xicohtencatl'),
(910, 19, 'San Damian Texoloc'),
(911, 19, 'San Francisco Tetlanohcan'),
(912, 19, 'San Jeronimo Zacualpan'),
(913, 19, 'San Jose Teacalco'),
(914, 19, 'San Juan Huactzinco'),
(915, 19, 'San Lorenzo Axocomanitla'),
(916, 19, 'San Lucas Tecopilco'),
(917, 19, 'San Pablo del Monte'),
(918, 19, 'Sanctorum de Lazaro Cardenas'),
(919, 19, 'Santa Ana Nopalucan'),
(920, 19, 'Santa Apolonia Teacalco'),
(921, 19, 'Santa Catarina Ayometla'),
(922, 19, 'Santa Cruz Quilehtla'),
(923, 19, 'Santa Cruz Tlaxcala'),
(924, 19, 'Santa Isabel Xiloxoxtla'),
(925, 19, 'Tenancingo'),
(926, 19, 'Teolocholco'),
(927, 19, 'Tepetitla de Lardizabal'),
(928, 19, 'Tepeyanco'),
(929, 19, 'Terrenate'),
(930, 19, 'Tetla de la Solidaridad'),
(931, 19, 'Tetlatlahuca'),
(932, 19, 'Tlaxcala'),
(933, 19, 'Tlaxco'),
(934, 19, 'Tocatlan'),
(935, 19, 'Totolac'),
(936, 19, 'Tzompantepec'),
(937, 19, 'Xaloztoc'),
(938, 19, 'Xaltocan'),
(939, 19, 'Xicohtzinco'),
(940, 19, 'Yauhquemecan'),
(941, 19, 'Zacatelco'),
(942, 19, 'Zitlaltepec de Trinidad Sanchez Sa'),
(943, 20, 'Alvaro Obregon'),
(944, 20, 'Azcapotzalco'),
(945, 20, 'Benito Juarez'),
(946, 20, 'Coyoacan'),
(947, 20, 'Cuajimalpa de Morelos'),
(948, 20, 'Cuauhtemoc'),
(949, 20, 'Gustavo A. Madero'),
(950, 20, 'Iztacalco'),
(951, 20, 'Iztapalapa'),
(952, 20, 'La Magdalena Contreras'),
(953, 20, 'Miguel Hidalgo'),
(954, 20, 'Milpa Alta'),
(955, 20, 'Tlahuac'),
(956, 20, 'Tlalpan'),
(957, 20, 'Venustiano Carranza'),
(958, 20, 'Xochimilco'),
(959, 21, 'Amacuzac'),
(960, 21, 'Atlatlahucan'),
(961, 21, 'Axochiapan'),
(962, 21, 'Ayala'),
(963, 21, 'Coatlan del Rio'),
(964, 21, 'Cuautla'),
(965, 21, 'Cuernavaca'),
(966, 21, 'Emiliano Zapata'),
(967, 21, 'Huitzilac'),
(968, 21, 'Jantetelco'),
(969, 21, 'Jiutepec'),
(970, 21, 'Jojutla'),
(971, 21, 'Jonacatepec'),
(972, 21, 'Mazatepec'),
(973, 21, 'Miacatlan'),
(974, 21, 'Ocuituco'),
(975, 21, 'Puente de Ixtla'),
(976, 21, 'Temixco'),
(977, 21, 'Temoac'),
(978, 21, 'Tepalcingo'),
(979, 21, 'Tepoztlan'),
(980, 21, 'Tetecala'),
(981, 21, 'Tetela del Volcan'),
(982, 21, 'Tlalnepantla'),
(983, 21, 'Tlaltizapan'),
(984, 21, 'Tlaquiltenango'),
(985, 21, 'Tlayacapan'),
(986, 21, 'Totolapan'),
(987, 21, 'Xochitepec'),
(988, 21, 'Yautepec'),
(989, 21, 'Yecapixtla'),
(990, 21, 'Zacatepec de Hidalgo'),
(991, 21, 'Zacualpan de Amilpas'),
(992, 22, 'Armeria'),
(993, 22, 'Colima'),
(994, 22, 'Comala'),
(995, 22, 'Coquimatlan'),
(996, 22, 'Cuauhtemoc'),
(997, 22, 'Ixtlahuacan'),
(998, 22, 'Manzanillo'),
(999, 22, 'Minatitlan'),
(1000, 22, 'Tecoman'),
(1001, 22, 'Villa de Alvarez'),
(1002, 23, 'Acuitzio'),
(1003, 23, 'Aguililla'),
(1004, 23, 'Alvaro Obregon'),
(1005, 23, 'Angamacutiro'),
(1006, 23, 'Angangueo'),
(1007, 23, 'Apatzingan'),
(1008, 23, 'Aporo'),
(1009, 23, 'Aquila'),
(1010, 23, 'Ario'),
(1011, 23, 'Arteaga'),
(1012, 23, 'Briseñas'),
(1013, 23, 'Buenavista'),
(1014, 23, 'Caracuaro'),
(1015, 23, 'Charapan'),
(1016, 23, 'Charo'),
(1017, 23, 'Chavinda'),
(1018, 23, 'Cheran'),
(1019, 23, 'Chilchota'),
(1020, 23, 'Chinicuila'),
(1021, 23, 'Chucandiro'),
(1022, 23, 'Churintzio'),
(1023, 23, 'Churumuco'),
(1024, 23, 'Coahuayana'),
(1025, 23, 'Coalcoman de Vazquez Pallares'),
(1026, 23, 'Coeneo'),
(1027, 23, 'Cojumatlan de Regules'),
(1028, 23, 'Contepec'),
(1029, 23, 'Copandaro'),
(1030, 23, 'Cotija'),
(1031, 23, 'Cuitzeo'),
(1032, 23, 'Ecuandureo'),
(1033, 23, 'Epitacio Huerta'),
(1034, 23, 'Erongaricuaro'),
(1035, 23, 'Gabriel Zamora'),
(1036, 23, 'Hidalgo'),
(1037, 23, 'Huandacareo'),
(1038, 23, 'Huaniqueo'),
(1039, 23, 'Huetamo'),
(1040, 23, 'Huiramba'),
(1041, 23, 'Indaparapeo'),
(1042, 23, 'Irimbo'),
(1043, 23, 'Ixtlan'),
(1044, 23, 'Jacona'),
(1045, 23, 'Jimenez'),
(1046, 23, 'Jiquilpan'),
(1047, 23, 'Jose Sixto Verduzco'),
(1048, 23, 'Juarez'),
(1049, 23, 'Jungapeo'),
(1050, 23, 'La Huacana'),
(1051, 23, 'La Piedad'),
(1052, 23, 'Lagunillas'),
(1053, 23, 'Lazaro Cardenas'),
(1054, 23, 'Los Reyes'),
(1055, 23, 'Madero'),
(1056, 23, 'Maravatio'),
(1057, 23, 'Marcos Castellanos'),
(1058, 23, 'Morelia'),
(1059, 23, 'Morelos'),
(1060, 23, 'Mugica'),
(1061, 23, 'Nahuatzen'),
(1062, 23, 'Nocupetaro'),
(1063, 23, 'Nuevo Parangaricutiro'),
(1064, 23, 'Nuevo Urecho'),
(1065, 23, 'Numaran'),
(1066, 23, 'Ocampo'),
(1067, 23, 'Pajacuaran'),
(1068, 23, 'Panindicuaro'),
(1069, 23, 'Paracho'),
(1070, 23, 'Paracuaro'),
(1071, 23, 'Patzcuaro'),
(1072, 23, 'Penjamillo'),
(1073, 23, 'Periban'),
(1074, 23, 'Purepero'),
(1075, 23, 'Puruandiro'),
(1076, 23, 'Querendaro'),
(1077, 23, 'Quiroga'),
(1078, 23, 'Sahuayo'),
(1079, 23, 'Salvador Escalante'),
(1080, 23, 'San Lucas'),
(1081, 23, 'Santa Ana Maya'),
(1082, 23, 'Senguio'),
(1083, 23, 'Susupuato'),
(1084, 23, 'Tacambaro'),
(1085, 23, 'Tancitaro'),
(1086, 23, 'Tangamandapio'),
(1087, 23, 'Tangancicuaro'),
(1088, 23, 'Tanhuato'),
(1089, 23, 'Taretan'),
(1090, 23, 'Tarimbaro'),
(1091, 23, 'Tepalcatepec'),
(1092, 23, 'Tinguindin'),
(1093, 23, 'Tingambato'),
(1094, 23, 'Tiquicheo de Nicolas Romero'),
(1095, 23, 'Tlalpujahua'),
(1096, 23, 'Tlazazalca'),
(1097, 23, 'Tocumbo'),
(1098, 23, 'Tumbiscatio'),
(1099, 23, 'Turicato'),
(1100, 23, 'Tuxpan'),
(1101, 23, 'Tuzantla'),
(1102, 23, 'Tzintzuntzan'),
(1103, 23, 'Tzitzio'),
(1104, 23, 'Uruapan'),
(1105, 23, 'Venustiano Carranza'),
(1106, 23, 'Villamar'),
(1107, 23, 'Vista Hermosa'),
(1108, 23, 'Yurecuaro'),
(1109, 23, 'Zacapu'),
(1110, 23, 'Zamora'),
(1111, 23, 'Zinaparo'),
(1112, 23, 'Zinapecuaro'),
(1113, 23, 'Ziracuaretiro'),
(1114, 23, 'Zitacuaro'),
(1115, 24, 'Acajete'),
(1116, 24, 'Acateno'),
(1117, 24, 'Acatlan'),
(1118, 24, 'Acatzingo'),
(1119, 24, 'Acteopan'),
(1120, 24, 'Ahuacatlan'),
(1121, 24, 'Ahuatlan'),
(1122, 24, 'Ahuazotepec'),
(1123, 24, 'Ahuehuetitla'),
(1124, 24, 'Ajalpan'),
(1125, 24, 'Albino Zertuche'),
(1126, 24, 'Aljojuca'),
(1127, 24, 'Altepexi'),
(1128, 24, 'Amixtlan'),
(1129, 24, 'Amozoc'),
(1130, 24, 'Aquixtla'),
(1131, 24, 'Atempan'),
(1132, 24, 'Atexcal'),
(1133, 24, 'Atlequizayan'),
(1134, 24, 'Atlixco'),
(1135, 24, 'Atoyatempan'),
(1136, 24, 'Atzala'),
(1137, 24, 'Atzitzihuacan'),
(1138, 24, 'Atzitzintla'),
(1139, 24, 'Axutla'),
(1140, 24, 'Ayotoxco de Guerrero'),
(1141, 24, 'Calpan'),
(1142, 24, 'Caltepec'),
(1143, 24, 'Camocuautla'),
(1144, 24, 'Cañada Morelos'),
(1145, 24, 'Caxhuacan'),
(1146, 24, 'Chalchicomula de Sesma'),
(1147, 24, 'Chapulco'),
(1148, 24, 'Chiautla'),
(1149, 24, 'Chiautzingo'),
(1150, 24, 'Chichiquila'),
(1151, 24, 'Chiconcuautla'),
(1152, 24, 'Chietla'),
(1153, 24, 'Chigmecatitlan'),
(1154, 24, 'Chignahuapan'),
(1155, 24, 'Chignautla'),
(1156, 24, 'Chila'),
(1157, 24, 'Chila de la Sal'),
(1158, 24, 'Chilchotla'),
(1159, 24, 'Chinantla'),
(1160, 24, 'Coatepec'),
(1161, 24, 'Coatzingo'),
(1162, 24, 'Cohetzala'),
(1163, 24, 'Cohuecan'),
(1164, 24, 'Coronango'),
(1165, 24, 'Coxcatlan'),
(1166, 24, 'Coyomeapan'),
(1167, 24, 'Coyotepec'),
(1168, 24, 'Cuapiaxtla de Madero'),
(1169, 24, 'Cuautempan'),
(1170, 24, 'Cuautinchan'),
(1171, 24, 'Cuautlancingo'),
(1172, 24, 'Cuayuca de Andrade'),
(1173, 24, 'Cuetzalan del Progreso'),
(1174, 24, 'Cuyoaco'),
(1175, 24, 'Domingo Arenas'),
(1176, 24, 'Eloxochitlan'),
(1177, 24, 'Epatlan'),
(1178, 24, 'Esperanza'),
(1179, 24, 'Francisco Z. Mena'),
(1180, 24, 'General Felipe angeles'),
(1181, 24, 'Guadalupe'),
(1182, 24, 'Guadalupe Victoria'),
(1183, 24, 'Hermenegildo Galeana'),
(1184, 24, 'Honey'),
(1185, 24, 'Huaquechula'),
(1186, 24, 'Huatlatlauca'),
(1187, 24, 'Huauchinango'),
(1188, 24, 'Huehuetla'),
(1189, 24, 'Huehuetlan el Chico'),
(1190, 24, 'Huehuetlan el Grande'),
(1191, 24, 'Huejotzingo'),
(1192, 24, 'Hueyapan'),
(1193, 24, 'Hueytamalco'),
(1194, 24, 'Hueytlalpan'),
(1195, 24, 'Huitzilan de Serdan'),
(1196, 24, 'Huitziltepec'),
(1197, 24, 'Ixcamilpa de Guerrero'),
(1198, 24, 'Ixcaquixtla'),
(1199, 24, 'Ixtacamaxtitlan'),
(1200, 24, 'Ixtepec'),
(1201, 24, 'Izucar de Matamoros'),
(1202, 24, 'Jalpan'),
(1203, 24, 'Jolalpan'),
(1204, 24, 'Jonotla'),
(1205, 24, 'Jopala'),
(1206, 24, 'Juan C. Bonilla'),
(1207, 24, 'Juan Galindo'),
(1208, 24, 'Juan N. Mendez'),
(1209, 24, 'La Magdalena Tlatlauquitepec'),
(1210, 24, 'Lafragua'),
(1211, 24, 'Libres'),
(1212, 24, 'Los Reyes de Juarez'),
(1213, 24, 'Mazapiltepec de Juarez'),
(1214, 24, 'Mixtla'),
(1215, 24, 'Molcaxac'),
(1216, 24, 'Naupan'),
(1217, 24, 'Nauzontla'),
(1218, 24, 'Nealtican'),
(1219, 24, 'Nicolas Bravo'),
(1220, 24, 'Nopalucan'),
(1221, 24, 'Ocotepec'),
(1222, 24, 'Ocoyucan'),
(1223, 24, 'Olintla'),
(1224, 24, 'Oriental'),
(1225, 24, 'Pahuatlan'),
(1226, 24, 'Palmar de Bravo'),
(1227, 24, 'Pantepec'),
(1228, 24, 'Petlalcingo'),
(1229, 24, 'Piaxtla'),
(1230, 24, 'Puebla'),
(1231, 24, 'Quecholac'),
(1232, 24, 'Quimixtlan'),
(1233, 24, 'Rafael Lara Grajales'),
(1234, 24, 'San Andres Cholula'),
(1235, 24, 'San Antonio Cañada'),
(1236, 24, 'San Diego la Mesa Tochimiltzingo'),
(1237, 24, 'San Felipe Teotlalcingo'),
(1238, 24, 'San Felipe Tepatlan'),
(1239, 24, 'San Gabriel Chilac'),
(1240, 24, 'San Gregorio Atzompa'),
(1241, 24, 'San Jeronimo Tecuanipan'),
(1242, 24, 'San Jeronimo Xayacatlan'),
(1243, 24, 'San Jose Chiapa'),
(1244, 24, 'San Jose Miahuatlan'),
(1245, 24, 'San Juan Atenco'),
(1246, 24, 'San Juan Atzompa'),
(1247, 24, 'San Martin Texmelucan'),
(1248, 24, 'San Martin Totoltepec'),
(1249, 24, 'San Matias Tlalancaleca'),
(1250, 24, 'San Miguel Ixitlan'),
(1251, 24, 'San Miguel Xoxtla'),
(1252, 24, 'San Nicolas Buenos Aires'),
(1253, 24, 'San Nicolas de los Ranchos'),
(1254, 24, 'San Pablo Anicano'),
(1255, 24, 'San Pedro Cholula'),
(1256, 24, 'San Pedro Yeloixtlahuaca'),
(1257, 24, 'San Salvador el Seco'),
(1258, 24, 'San Salvador el Verde'),
(1259, 24, 'San Salvador Huixcolotla'),
(1260, 24, 'San Sebastian Tlacotepec'),
(1261, 24, 'Santa Catarina Tlaltempan'),
(1262, 24, 'Santa Ines Ahuatempan'),
(1263, 24, 'Santa Isabel Cholula'),
(1264, 24, 'Santiago Miahuatlan'),
(1265, 24, 'Santo Tomas Hueyotlipan'),
(1266, 24, 'Soltepec'),
(1267, 24, 'Tecali de Herrera'),
(1268, 24, 'Tecamachalco'),
(1269, 24, 'Tecomatlan'),
(1270, 24, 'Tehuacan'),
(1271, 24, 'Tehuitzingo'),
(1272, 24, 'Tenampulco'),
(1273, 24, 'Teopantlan'),
(1274, 24, 'Teotlalco'),
(1275, 24, 'Tepanco de Lopez'),
(1276, 24, 'Tepango de Rodriguez'),
(1277, 24, 'Tepatlaxco de Hidalgo'),
(1278, 24, 'Tepeaca'),
(1279, 24, 'Tepemaxalco'),
(1280, 24, 'Tepeojuma'),
(1281, 24, 'Tepetzintla'),
(1282, 24, 'Tepexco'),
(1283, 24, 'Tepexi de Rodriguez'),
(1284, 24, 'Tepeyahualco'),
(1285, 24, 'Tepeyahualco de Cuauhtemoc'),
(1286, 24, 'Tetela de Ocampo'),
(1287, 24, 'Teteles de Avila Castillo'),
(1288, 24, 'Teziutlan'),
(1289, 24, 'Tianguismanalco'),
(1290, 24, 'Tilapa'),
(1291, 24, 'Tlachichuca'),
(1292, 24, 'Tlacotepec de Benito Juarez'),
(1293, 24, 'Tlacuilotepec'),
(1294, 24, 'Tlahuapan'),
(1295, 24, 'Tlaltenango'),
(1296, 24, 'Tlanepantla'),
(1297, 24, 'Tlaola'),
(1298, 24, 'Tlapacoya'),
(1299, 24, 'Tlapanala'),
(1300, 24, 'Tlatlauquitepec'),
(1301, 24, 'Tlaxco'),
(1302, 24, 'Tochimilco'),
(1303, 24, 'Tochtepec'),
(1304, 24, 'Totoltepec de Guerrero'),
(1305, 24, 'Tulcingo'),
(1306, 24, 'Tzicatlacoyan'),
(1307, 24, 'Tuzamapan de Galeana'),
(1308, 24, 'Venustiano Carranza'),
(1309, 24, 'Vicente Guerrero'),
(1310, 24, 'Xayacatlan de Bravo'),
(1311, 24, 'Xicotepec'),
(1312, 24, 'Xicotlan'),
(1313, 24, 'Xiutetelco'),
(1314, 24, 'Xochiapulco'),
(1315, 24, 'Xochiltepec'),
(1316, 24, 'Xochitlan de Vicente Suarez'),
(1317, 24, 'Xochitlan Todos Santos'),
(1318, 24, 'Yaonahuac'),
(1319, 24, 'Yehualtepec'),
(1320, 24, 'Zacapala'),
(1321, 24, 'Zacapoaxtla'),
(1322, 24, 'Zacatlan'),
(1323, 24, 'Zapotitlan'),
(1324, 24, 'Zapotitlan de Mendez'),
(1325, 24, 'Zaragoza'),
(1326, 24, 'Zautla'),
(1327, 24, 'Zihuateutla'),
(1328, 24, 'Zinacatepec'),
(1329, 24, 'Zongozotla'),
(1330, 24, 'Zoquiapan'),
(1331, 24, 'Zoquitlan'),
(1332, 25, 'Acajete'),
(1333, 25, 'Acatlan'),
(1334, 25, 'Acayucan'),
(1335, 25, 'Actopan'),
(1336, 25, 'Acula'),
(1337, 25, 'Acultzingo'),
(1338, 25, 'Agua Dulce'),
(1339, 25, 'Alpatlahuac'),
(1340, 25, 'Alto Lucero de Gutierrez Barrios'),
(1341, 25, 'Altotonga'),
(1342, 25, 'Alvarado'),
(1343, 25, 'Amatitlan'),
(1344, 25, 'Amatlan de los Reyes'),
(1345, 25, 'Angel R. Cabada'),
(1346, 25, 'Apazapan'),
(1347, 25, 'Aquila'),
(1348, 25, 'Astacinga'),
(1349, 25, 'Atlahuilco'),
(1350, 25, 'Atoyac'),
(1351, 25, 'Atzacan'),
(1352, 25, 'Atzalan'),
(1353, 25, 'Ayahualulco'),
(1354, 25, 'Banderilla'),
(1355, 25, 'Benito Juarez'),
(1356, 25, 'Boca del Rio'),
(1357, 25, 'Calcahualco'),
(1358, 25, 'Camaron de Tejeda'),
(1359, 25, 'Camerino Z. Mendoza'),
(1360, 25, 'Carlos A. Carrillo'),
(1361, 25, 'Carrillo Puerto'),
(1362, 25, 'Castillo de Teayo'),
(1363, 25, 'Catemaco'),
(1364, 25, 'Cazones'),
(1365, 25, 'Cerro Azul'),
(1366, 25, 'Chacaltianguis'),
(1367, 25, 'Chalma'),
(1368, 25, 'Chiconamel'),
(1369, 25, 'Chiconquiaco'),
(1370, 25, 'Chicontepec'),
(1371, 25, 'Chinameca'),
(1372, 25, 'Chinampa de Gorostiza'),
(1373, 25, 'Chocaman'),
(1374, 25, 'Chontla'),
(1375, 25, 'Chumatlan'),
(1376, 25, 'Citlaltepetl'),
(1377, 25, 'Coacoatzintla'),
(1378, 25, 'Coahuitlan'),
(1379, 25, 'Coatepec'),
(1380, 25, 'Coatzacoalcos'),
(1381, 25, 'Coatzintla'),
(1382, 25, 'Coetzala'),
(1383, 25, 'Colipa'),
(1384, 25, 'Comapa'),
(1385, 25, 'Cordoba'),
(1386, 25, 'Cosamaloapan de Carpio'),
(1387, 25, 'Cosautlan de Carvajal'),
(1388, 25, 'Coscomatepec'),
(1389, 25, 'Cosoleacaque'),
(1390, 25, 'Cotaxtla'),
(1391, 25, 'Coxquihui'),
(1392, 25, 'Coyutla'),
(1393, 25, 'Cuichapa'),
(1394, 25, 'Cuitlahuac'),
(1395, 25, 'El Higo'),
(1396, 25, 'Emiliano Zapata'),
(1397, 25, 'Espinal'),
(1398, 25, 'Filomeno Mata'),
(1399, 25, 'Fortin'),
(1400, 25, 'Gutierrez Zamora'),
(1401, 25, 'Hidalgotitlan'),
(1402, 25, 'Huatusco'),
(1403, 25, 'Huayacocotla'),
(1404, 25, 'Hueyapan de Ocampo'),
(1405, 25, 'Huiloapan'),
(1406, 25, 'Ignacio de la Llave'),
(1407, 25, 'Ilamatlan'),
(1408, 25, 'Isla'),
(1409, 25, 'Ixcatepec'),
(1410, 25, 'Ixhuacan de los Reyes'),
(1411, 25, 'Ixhuatlan de Madero'),
(1412, 25, 'Ixhuatlan del Cafe'),
(1413, 25, 'Ixhuatlan del Sureste'),
(1414, 25, 'Ixhuatlancillo'),
(1415, 25, 'Ixmatlahuacan'),
(1416, 25, 'Ixtaczoquitlan'),
(1417, 25, 'Jalacingo'),
(1418, 25, 'Jalcomulco'),
(1419, 25, 'Jaltipan'),
(1420, 25, 'Jamapa'),
(1421, 25, 'Jesus Carranza'),
(1422, 25, 'Jilotepec'),
(1423, 25, 'Jose Azueta'),
(1424, 25, 'Juan Rodriguez Clara'),
(1425, 25, 'Juchique de Ferrer'),
(1426, 25, 'La Antigua'),
(1427, 25, 'La Perla'),
(1428, 25, 'Landero y Coss'),
(1429, 25, 'Las Choapas'),
(1430, 25, 'Las Minas'),
(1431, 25, 'Las Vigas de Ramirez'),
(1432, 25, 'Lerdo de Tejada'),
(1433, 25, 'Los Reyes'),
(1434, 25, 'Magdalena'),
(1435, 25, 'Maltrata'),
(1436, 25, 'Manlio Fabio Altamirano'),
(1437, 25, 'Mariano Escobedo'),
(1438, 25, 'Martinez de la Torre'),
(1439, 25, 'Mecatlan'),
(1440, 25, 'Mecayapan'),
(1441, 25, 'Medellin'),
(1442, 25, 'Miahuatlan'),
(1443, 25, 'Minatitlan'),
(1444, 25, 'Misantla'),
(1445, 25, 'Mixtla de Altamirano'),
(1446, 25, 'Moloacan'),
(1447, 25, 'Nanchital de Lazaro Cardenas del R'),
(1448, 25, 'Naolinco'),
(1449, 25, 'Naranjal'),
(1450, 25, 'Naranjos Amatlan'),
(1451, 25, 'Nautla'),
(1452, 25, 'Nogales'),
(1453, 25, 'Oluta'),
(1454, 25, 'Omealca'),
(1455, 25, 'Orizaba'),
(1456, 25, 'Otatitlan'),
(1457, 25, 'Oteapan'),
(1458, 25, 'Ozuluama de Mascareñas'),
(1459, 25, 'Pajapan'),
(1460, 25, 'Panuco'),
(1461, 25, 'Papantla'),
(1462, 25, 'Paso de Ovejas'),
(1463, 25, 'Paso del Macho'),
(1464, 25, 'Perote'),
(1465, 25, 'Platon Sanchez'),
(1466, 25, 'Playa Vicente'),
(1467, 25, 'Poza Rica de Hidalgo'),
(1468, 25, 'Pueblo Viejo'),
(1469, 25, 'Puente Nacional'),
(1470, 25, 'Rafael Delgado'),
(1471, 25, 'Rafael Lucio'),
(1472, 25, 'Rio Blanco'),
(1473, 25, 'Saltabarranca'),
(1474, 25, 'San Andres Tenejapan'),
(1475, 25, 'San Andres Tuxtla'),
(1476, 25, 'San Juan Evangelista'),
(1477, 25, 'San Rafael'),
(1478, 25, 'Santiago Sochiapan'),
(1479, 25, 'Santiago Tuxtla'),
(1480, 25, 'Sayula de Aleman'),
(1481, 25, 'Sochiapa'),
(1482, 25, 'Soconusco'),
(1483, 25, 'Soledad Atzompa'),
(1484, 25, 'Soledad de Doblado'),
(1485, 25, 'Soteapan'),
(1486, 25, 'Tamalin'),
(1487, 25, 'Tamiahua'),
(1488, 25, 'Tampico Alto'),
(1489, 25, 'Tancoco'),
(1490, 25, 'Tantima'),
(1491, 25, 'Tantoyuca'),
(1492, 25, 'Tatahuicapan de Juarez'),
(1493, 25, 'Tatatila'),
(1494, 25, 'Tecolutla'),
(1495, 25, 'Tehuipango'),
(1496, 25, 'Temapache'),
(1497, 25, 'Tempoal'),
(1498, 25, 'Tenampa'),
(1499, 25, 'Tenochtitlan'),
(1500, 25, 'Teocelo'),
(1501, 25, 'Tepatlaxco'),
(1502, 25, 'Tepetlan'),
(1503, 25, 'Tepetzintla'),
(1504, 25, 'Tequila'),
(1505, 25, 'Texcatepec'),
(1506, 25, 'Texhuacan'),
(1507, 25, 'Texistepec'),
(1508, 25, 'Tezonapa'),
(1509, 25, 'Tierra Blanca'),
(1510, 25, 'Tihuatlan'),
(1511, 25, 'Tlachichilco'),
(1512, 25, 'Tlacojalpan'),
(1513, 25, 'Tlacolulan'),
(1514, 25, 'Tlacotalpan'),
(1515, 25, 'Tlacotepec de Mejia'),
(1516, 25, 'Tlalixcoyan'),
(1517, 25, 'Tlalnelhuayocan'),
(1518, 25, 'Tlaltetela'),
(1519, 25, 'Tlapacoyan'),
(1520, 25, 'Tlaquilpa'),
(1521, 25, 'Tlilapan'),
(1522, 25, 'Tomatlan'),
(1523, 25, 'Tonayan'),
(1524, 25, 'Totutla'),
(1525, 25, 'Tres Valles'),
(1526, 25, 'Tuxpam'),
(1527, 25, 'Tuxtilla'),
(1528, 25, 'Ursulo Galvan'),
(1529, 25, 'Uxpanapa'),
(1530, 25, 'Vega de Alatorre'),
(1531, 25, 'Veracruz'),
(1532, 25, 'Villa Aldama'),
(1533, 25, 'Xalapa'),
(1534, 25, 'Xico'),
(1535, 25, 'Xoxocotla'),
(1536, 25, 'Yanga'),
(1537, 25, 'Yecuatla'),
(1538, 25, 'Zacualpan'),
(1539, 25, 'Zaragoza'),
(1540, 25, 'Zentla'),
(1541, 25, 'Zongolica'),
(1542, 25, 'Zontecomatlan de Lopez y Fuentes'),
(1543, 25, 'Zozocolco de Hidalgo'),
(1544, 26, 'Acapulco de Juarez'),
(1545, 26, 'Acatepec'),
(1546, 26, 'Ahuacuotzingo'),
(1547, 26, 'Ajuchitlan del Progreso'),
(1548, 26, 'Alcozauca de Guerrero'),
(1549, 26, 'Alpoyeca'),
(1550, 26, 'Apaxtla'),
(1551, 26, 'Arcelia'),
(1552, 26, 'Atenango del Rio'),
(1553, 26, 'Atlamajalcingo del Monte'),
(1554, 26, 'Atlixtac'),
(1555, 26, 'Atoyac de Alvarez'),
(1556, 26, 'Ayutla de los Libres'),
(1557, 26, 'Azoyu'),
(1558, 26, 'Benito Juarez'),
(1559, 26, 'Buenavista de Cuellar'),
(1560, 26, 'Chilapa de Alvarez'),
(1561, 26, 'Chilpancingo de los Bravo'),
(1562, 26, 'Coahuayutla de Jose Maria Izazaga'),
(1563, 26, 'Cochoapa el Grande'),
(1564, 26, 'Cocula'),
(1565, 26, 'Copala'),
(1566, 26, 'Copalillo'),
(1567, 26, 'Copanatoyac'),
(1568, 26, 'Coyuca de Benitez'),
(1569, 26, 'Coyuca de Catalan'),
(1570, 26, 'Cuajinicuilapa'),
(1571, 26, 'Cualac'),
(1572, 26, 'Cuautepec'),
(1573, 26, 'Cuetzala del Progreso'),
(1574, 26, 'Cutzamala de Pinzon'),
(1575, 26, 'Eduardo Neri'),
(1576, 26, 'Florencio Villarreal'),
(1577, 26, 'General Canuto A. Neri'),
(1578, 26, 'General Heliodoro Castillo'),
(1579, 26, 'Huamuxtitlan'),
(1580, 26, 'Huitzuco de los Figueroa'),
(1581, 26, 'Iguala de la Independencia'),
(1582, 26, 'Igualapa'),
(1583, 26, 'Ixcateopan de Cuauhtemoc'),
(1584, 26, 'Jose Azueta'),
(1585, 26, 'Jose Joaquin de Herrera'),
(1586, 26, 'Juan R. Escudero'),
(1587, 26, 'La Union de Isidoro Montes de Oca'),
(1588, 26, 'Leonardo Bravo'),
(1589, 26, 'Malinaltepec'),
(1590, 26, 'Marquelia'),
(1591, 26, 'Martir de Cuilapan'),
(1592, 26, 'Metlatonoc'),
(1593, 26, 'Mochitlan'),
(1594, 26, 'Olinala'),
(1595, 26, 'Ometepec'),
(1596, 26, 'Pedro Ascencio Alquisiras'),
(1597, 26, 'Petatlan'),
(1598, 26, 'Pilcaya'),
(1599, 26, 'Pungarabato'),
(1600, 26, 'Quechultenango'),
(1601, 26, 'San Luis Acatlan'),
(1602, 26, 'San Marcos'),
(1603, 26, 'San Miguel Totolapan'),
(1604, 26, 'Taxco de Alarcon'),
(1605, 26, 'Tecoanapa'),
(1606, 26, 'Tecpan de Galeana'),
(1607, 26, 'Teloloapan'),
(1608, 26, 'Tepecoacuilco de Trujano'),
(1609, 26, 'Tetipac'),
(1610, 26, 'Tixtla de Guerrero'),
(1611, 26, 'Tlacoachistlahuaca'),
(1612, 26, 'Tlacoapa'),
(1613, 26, 'Tlalchapa'),
(1614, 26, 'Tlalixtaquilla de Maldonado'),
(1615, 26, 'Tlapa de Comonfort'),
(1616, 26, 'Tlapehuala'),
(1617, 26, 'Xalpatlahuac'),
(1618, 26, 'Xochihuehuetlan'),
(1619, 26, 'Xochistlahuaca'),
(1620, 26, 'Zapotitlan Tablas'),
(1621, 26, 'Zirandaro'),
(1622, 26, 'Zitlala'),
(1623, 27, 'Abejones'),
(1624, 27, 'Acatlan de Perez Figueroa'),
(1625, 27, 'Animas Trujano'),
(1626, 27, 'Asuncion Cacalotepec'),
(1627, 27, 'Asuncion Cuyotepeji'),
(1628, 27, 'Asuncion Ixtaltepec'),
(1629, 27, 'Asuncion Nochixtlan'),
(1630, 27, 'Asuncion Ocotlan'),
(1631, 27, 'Asuncion Tlacolulita'),
(1632, 27, 'Ayoquezco de Aldama'),
(1633, 27, 'Ayotzintepec'),
(1634, 27, 'Calihuala'),
(1635, 27, 'Candelaria Loxicha'),
(1636, 27, 'Capulalpam de Mendez'),
(1637, 27, 'Chahuites'),
(1638, 27, 'Chalcatongo de Hidalgo'),
(1639, 27, 'Chiquihuitlan de Benito Juarez'),
(1640, 27, 'Cienega de Zimatlan'),
(1641, 27, 'Ciudad Ixtepec'),
(1642, 27, 'Coatecas Altas'),
(1643, 27, 'Coicoyan de las Flores'),
(1644, 27, 'Concepcion Buenavista'),
(1645, 27, 'Concepcion Papalo'),
(1646, 27, 'Constancia del Rosario'),
(1647, 27, 'Cosolapa'),
(1648, 27, 'Cosoltepec'),
(1649, 27, 'Cuilapam de Guerrero'),
(1650, 27, 'Cuyamecalco Villa de Zaragoza'),
(1651, 27, 'El Barrio de la Soledad'),
(1652, 27, 'El Espinal'),
(1653, 27, 'Eloxochitlan de Flores Magon'),
(1654, 27, 'Fresnillo de Trujano'),
(1655, 27, 'Guadalupe de Ramirez'),
(1656, 27, 'Guadalupe Etla'),
(1657, 27, 'Guelatao de Juarez'),
(1658, 27, 'Guevea de Humboldt'),
(1659, 27, 'Heroica Ciudad de Ejutla de Crespo'),
(1660, 27, 'Heroica Ciudad de Huajuapan de Leo'),
(1661, 27, 'Heroica Ciudad de Tlaxiaco'),
(1662, 27, 'Huautepec'),
(1663, 27, 'Huautla de Jimenez'),
(1664, 27, 'Ixpantepec Nieves'),
(1665, 27, 'Ixtlan de Juarez'),
(1666, 27, 'Juchitan de Zaragoza'),
(1667, 27, 'La Compañia'),
(1668, 27, 'La Pe'),
(1669, 27, 'La Reforma'),
(1670, 27, 'La Trinidad Vista Hermosa'),
(1671, 27, 'Loma Bonita'),
(1672, 27, 'Magdalena Apasco'),
(1673, 27, 'Magdalena Jaltepec'),
(1674, 27, 'Magdalena Mixtepec'),
(1675, 27, 'Magdalena Ocotlan'),
(1676, 27, 'Magdalena Peñasco'),
(1677, 27, 'Magdalena Teitipac'),
(1678, 27, 'Magdalena Tequisistlan'),
(1679, 27, 'Magdalena Tlacotepec'),
(1680, 27, 'Magdalena Yodocono de Porfirio Dia'),
(1681, 27, 'Magdalena Zahuatlan'),
(1682, 27, 'Mariscala de Juarez'),
(1683, 27, 'Martires de Tacubaya'),
(1684, 27, 'Matias Romero Avendaño'),
(1685, 27, 'Mazatlan Villa de Flores'),
(1686, 27, 'Mesones Hidalgo'),
(1687, 27, 'Miahuatlan de Porfirio Diaz'),
(1688, 27, 'Mixistlan de la Reforma'),
(1689, 27, 'Monjas'),
(1690, 27, 'Natividad'),
(1691, 27, 'Nazareno Etla'),
(1692, 27, 'Nejapa de Madero'),
(1693, 27, 'Nuevo Zoquiapam'),
(1694, 27, 'Oaxaca de Juarez'),
(1695, 27, 'Ocotlan de Morelos'),
(1696, 27, 'Pinotepa de Don Luis'),
(1697, 27, 'Pluma Hidalgo'),
(1698, 27, 'Putla Villa de Guerrero'),
(1699, 27, 'Reforma de Pineda'),
(1700, 27, 'Reyes Etla'),
(1701, 27, 'Rojas de Cuauhtemoc'),
(1702, 27, 'Salina Cruz'),
(1703, 27, 'San Agustin Amatengo'),
(1704, 27, 'San Agustin Atenango'),
(1705, 27, 'San Agustin Chayuco'),
(1706, 27, 'San Agustin de las Juntas'),
(1707, 27, 'San Agustin Etla'),
(1708, 27, 'San Agustin Loxicha'),
(1709, 27, 'San Agustin Tlacotepec'),
(1710, 27, 'San Agustin Yatareni'),
(1711, 27, 'San Andres Cabecera Nueva'),
(1712, 27, 'San Andres Dinicuiti'),
(1713, 27, 'San Andres Huaxpaltepec'),
(1714, 27, 'San Andres Huayapam'),
(1715, 27, 'San Andres Ixtlahuaca'),
(1716, 27, 'San Andres Lagunas'),
(1717, 27, 'San Andres Nuxiño'),
(1718, 27, 'San Andres Paxtlan'),
(1719, 27, 'San Andres Sinaxtla'),
(1720, 27, 'San Andres Solaga'),
(1721, 27, 'San Andres Teotilalpam'),
(1722, 27, 'San Andres Tepetlapa'),
(1723, 27, 'San Andres Yaa'),
(1724, 27, 'San Andres Zabache'),
(1725, 27, 'San Andres Zautla'),
(1726, 27, 'San Antonino Castillo Velasco'),
(1727, 27, 'San Antonino el Alto'),
(1728, 27, 'San Antonino Monte Verde'),
(1729, 27, 'San Antonio Acutla'),
(1730, 27, 'San Antonio de la Cal'),
(1731, 27, 'San Antonio Huitepec'),
(1732, 27, 'San Antonio Nanahuatipam'),
(1733, 27, 'San Antonio Sinicahua'),
(1734, 27, 'San Antonio Tepetlapa'),
(1735, 27, 'San Baltazar Chichicapam'),
(1736, 27, 'San Baltazar Loxicha'),
(1737, 27, 'San Baltazar Yatzachi el Bajo'),
(1738, 27, 'San Bartolo Coyotepec'),
(1739, 27, 'San Bartolo Soyaltepec'),
(1740, 27, 'San Bartolo Yautepec'),
(1741, 27, 'San Bartolome Ayautla'),
(1742, 27, 'San Bartolome Loxicha'),
(1743, 27, 'San Bartolome Quialana'),
(1744, 27, 'San Bartolome Yucuañe'),
(1745, 27, 'San Bartolome Zoogocho'),
(1746, 27, 'San Bernardo Mixtepec'),
(1747, 27, 'San Blas Atempa'),
(1748, 27, 'San Carlos Yautepec'),
(1749, 27, 'San Cristobal Amatlan'),
(1750, 27, 'San Cristobal Amoltepec'),
(1751, 27, 'San Cristobal Lachirioag'),
(1752, 27, 'San Cristobal Suchixtlahuaca'),
(1753, 27, 'San Dionisio del Mar'),
(1754, 27, 'San Dionisio Ocotepec'),
(1755, 27, 'San Dionisio Ocotlan'),
(1756, 27, 'San Esteban Atatlahuca'),
(1757, 27, 'San Felipe Jalapa de Diaz'),
(1758, 27, 'San Felipe Tejalapam'),
(1759, 27, 'San Felipe Usila'),
(1760, 27, 'San Francisco Cahuacua'),
(1761, 27, 'San Francisco Cajonos'),
(1762, 27, 'San Francisco Chapulapa'),
(1763, 27, 'San Francisco Chindua'),
(1764, 27, 'San Francisco Huehuetlan'),
(1765, 27, 'San Francisco del Mar'),
(1766, 27, 'San Francisco Ixhuatan'),
(1767, 27, 'San Francisco Jaltepetongo'),
(1768, 27, 'San Francisco Lachigolo'),
(1769, 27, 'San Francisco Logueche'),
(1770, 27, 'San Francisco Nuxaño'),
(1771, 27, 'San Francisco Ozolotepec'),
(1772, 27, 'San Francisco Sola'),
(1773, 27, 'San Francisco Telixtlahuaca'),
(1774, 27, 'San Francisco Teopan'),
(1775, 27, 'San Francisco Tlapancingo'),
(1776, 27, 'San Gabriel Mixtepec'),
(1777, 27, 'San Ildefonso Amatlan'),
(1778, 27, 'San Ildefonso Sola'),
(1779, 27, 'San Ildefonso Villa Alta'),
(1780, 27, 'San Jacinto Amilpas'),
(1781, 27, 'San Jacinto Tlacotepec'),
(1782, 27, 'San Jeronimo Coatlan'),
(1783, 27, 'San Jeronimo Silacayoapilla'),
(1784, 27, 'San Jeronimo Sosola'),
(1785, 27, 'San Jeronimo Taviche'),
(1786, 27, 'San Jeronimo Tecoatl'),
(1787, 27, 'San Jeronimo Tlacochahuaya'),
(1788, 27, 'San Jorge Nuchita'),
(1789, 27, 'San Jose Ayuquila'),
(1790, 27, 'San Jose Chiltepec'),
(1791, 27, 'San Jose del Peñasco'),
(1792, 27, 'San Jose del Progreso'),
(1793, 27, 'San Jose Estancia Grande'),
(1794, 27, 'San Jose Independencia'),
(1795, 27, 'San Jose Lachiguiri'),
(1796, 27, 'San Jose Tenango'),
(1797, 27, 'San Juan Numi'),
(1798, 27, 'San Juan Achiutla'),
(1799, 27, 'San Juan Atepec'),
(1800, 27, 'San Juan Bautista Atatlahuca'),
(1801, 27, 'San Juan Bautista Coixtlahuaca'),
(1802, 27, 'San Juan Bautista Cuicatlan'),
(1803, 27, 'San Juan Bautista Guelache'),
(1804, 27, 'San Juan Bautista Jayacatlan'),
(1805, 27, 'San Juan Bautista Lo de Soto'),
(1806, 27, 'San Juan Bautista Suchitepec'),
(1807, 27, 'San Juan Bautista Tlachichilco'),
(1808, 27, 'San Juan Bautista Tlacoatzintepec'),
(1809, 27, 'San Juan Bautista Tuxtepec'),
(1810, 27, 'San Juan Bautista Valle Nacional'),
(1811, 27, 'San Juan Cacahuatepec'),
(1812, 27, 'San Juan Chicomezuchil'),
(1813, 27, 'San Juan Chilateca'),
(1814, 27, 'San Juan Cieneguilla'),
(1815, 27, 'San Juan Coatzospam'),
(1816, 27, 'San Juan Colorado'),
(1817, 27, 'San Juan Comaltepec'),
(1818, 27, 'San Juan Cotzocon'),
(1819, 27, 'San Juan de los Cues'),
(1820, 27, 'San Juan del Estado'),
(1821, 27, 'San Juan del Rio'),
(1822, 27, 'San Juan Diuxi'),
(1823, 27, 'San Juan Evangelista Analco'),
(1824, 27, 'San Juan Guelavia'),
(1825, 27, 'San Juan Guichicovi'),
(1826, 27, 'San Juan Ihualtepec'),
(1827, 27, 'San Juan Juquila Mixes'),
(1828, 27, 'San Juan Juquila Vijanos'),
(1829, 27, 'San Juan Lachao'),
(1830, 27, 'San Juan Lachigalla'),
(1831, 27, 'San Juan Lajarcia'),
(1832, 27, 'San Juan Lalana'),
(1833, 27, 'San Juan Mazatlan'),
(1834, 27, 'San Juan Mixtepec'),
(1835, 27, 'San Juan Mixtepec'),
(1836, 27, 'San Juan Ozolotepec'),
(1837, 27, 'San Juan Petlapa'),
(1838, 27, 'San Juan Quiahije'),
(1839, 27, 'San Juan Quiotepec'),
(1840, 27, 'San Juan Sayultepec'),
(1841, 27, 'San Juan Tabaa'),
(1842, 27, 'San Juan Tamazola'),
(1843, 27, 'San Juan Teita'),
(1844, 27, 'San Juan Teitipac'),
(1845, 27, 'San Juan Tepeuxila'),
(1846, 27, 'San Juan Teposcolula'),
(1847, 27, 'San Juan Yaee'),
(1848, 27, 'San Juan Yatzona'),
(1849, 27, 'San Juan Yucuita'),
(1850, 27, 'San Lorenzo'),
(1851, 27, 'San Lorenzo Albarradas'),
(1852, 27, 'San Lorenzo Cacaotepec'),
(1853, 27, 'San Lorenzo Cuaunecuiltitla'),
(1854, 27, 'San Lorenzo Texmelucan'),
(1855, 27, 'San Lorenzo Victoria'),
(1856, 27, 'San Lucas Camotlan'),
(1857, 27, 'San Lucas Ojitlan'),
(1858, 27, 'San Lucas Quiavini'),
(1859, 27, 'San Lucas Zoquiapam'),
(1860, 27, 'San Luis Amatlan'),
(1861, 27, 'San Marcial Ozolotepec'),
(1862, 27, 'San Marcos Arteaga'),
(1863, 27, 'San Martin de los Cansecos'),
(1864, 27, 'San Martin Huamelulpam'),
(1865, 27, 'San Martin Itunyoso'),
(1866, 27, 'San Martin Lachila'),
(1867, 27, 'San Martin Peras'),
(1868, 27, 'San Martin Tilcajete'),
(1869, 27, 'San Martin Toxpalan'),
(1870, 27, 'San Martin Zacatepec'),
(1871, 27, 'San Mateo Cajonos'),
(1872, 27, 'San Mateo del Mar'),
(1873, 27, 'San Mateo Etlatongo'),
(1874, 27, 'San Mateo Nejapam'),
(1875, 27, 'San Mateo Peñasco'),
(1876, 27, 'San Mateo Piñas'),
(1877, 27, 'San Mateo Rio Hondo'),
(1878, 27, 'San Mateo Sindihui'),
(1879, 27, 'San Mateo Tlapiltepec'),
(1880, 27, 'San Mateo Yoloxochitlan'),
(1881, 27, 'San Melchor Betaza'),
(1882, 27, 'San Miguel Achiutla'),
(1883, 27, 'San Miguel Ahuehuetitlan'),
(1884, 27, 'San Miguel Aloapam'),
(1885, 27, 'San Miguel Amatitlan'),
(1886, 27, 'San Miguel Amatlan'),
(1887, 27, 'San Miguel Chicahua'),
(1888, 27, 'San Miguel Chimalapa'),
(1889, 27, 'San Miguel Coatlan'),
(1890, 27, 'San Miguel del Puerto'),
(1891, 27, 'San Miguel del Rio'),
(1892, 27, 'San Miguel Ejutla'),
(1893, 27, 'San Miguel el Grande'),
(1894, 27, 'San Miguel Huautla'),
(1895, 27, 'San Miguel Mixtepec'),
(1896, 27, 'San Miguel Panixtlahuaca'),
(1897, 27, 'San Miguel Peras'),
(1898, 27, 'San Miguel Piedras'),
(1899, 27, 'San Miguel Quetzaltepec'),
(1900, 27, 'San Miguel Santa Flor'),
(1901, 27, 'San Miguel Soyaltepec'),
(1902, 27, 'San Miguel Suchixtepec'),
(1903, 27, 'San Miguel Tecomatlan'),
(1904, 27, 'San Miguel Tenango'),
(1905, 27, 'San Miguel Tequixtepec'),
(1906, 27, 'San Miguel Tilquiapam');
INSERT INTO `ciudades` (`idCiudad`, `idEstado`, `Nombre`) VALUES
(1907, 27, 'San Miguel Tlacamama'),
(1908, 27, 'San Miguel Tlacotepec'),
(1909, 27, 'San Miguel Tulancingo'),
(1910, 27, 'San Miguel Yotao'),
(1911, 27, 'San Nicolas'),
(1912, 27, 'San Nicolas Hidalgo'),
(1913, 27, 'San Pablo Coatlan'),
(1914, 27, 'San Pablo Cuatro Venados'),
(1915, 27, 'San Pablo Etla'),
(1916, 27, 'San Pablo Huitzo'),
(1917, 27, 'San Pablo Huixtepec'),
(1918, 27, 'San Pablo Macuiltianguis'),
(1919, 27, 'San Pablo Tijaltepec'),
(1920, 27, 'San Pablo Villa de Mitla'),
(1921, 27, 'San Pablo Yaganiza'),
(1922, 27, 'San Pedro Amuzgos'),
(1923, 27, 'San Pedro Apostol'),
(1924, 27, 'San Pedro Cajonos'),
(1925, 27, 'San Pedro Comitancillo'),
(1926, 27, 'San Pedro Coxcaltepec Cantaros'),
(1927, 27, 'San Pedro el Alto'),
(1928, 27, 'San Pedro Huamelula'),
(1929, 27, 'San Pedro Huilotepec'),
(1930, 27, 'San Pedro Ixcatlan'),
(1931, 27, 'San Pedro Ixtlahuaca'),
(1932, 27, 'San Pedro Jaltepetongo'),
(1933, 27, 'San Pedro Jicayan'),
(1934, 27, 'San Pedro Jocotipac'),
(1935, 27, 'San Pedro Juchatengo'),
(1936, 27, 'San Pedro Martir'),
(1937, 27, 'San Pedro Martir Quiechapa'),
(1938, 27, 'San Pedro Martir Yucuxaco'),
(1939, 27, 'San Pedro Mixtepec'),
(1940, 27, 'San Pedro Mixtepec'),
(1941, 27, 'San Pedro Molinos'),
(1942, 27, 'San Pedro Nopala'),
(1943, 27, 'San Pedro Ocopetatillo'),
(1944, 27, 'San Pedro Ocotepec'),
(1945, 27, 'San Pedro Pochutla'),
(1946, 27, 'San Pedro Quiatoni'),
(1947, 27, 'San Pedro Sochiapam'),
(1948, 27, 'San Pedro Tapanatepec'),
(1949, 27, 'San Pedro Taviche'),
(1950, 27, 'San Pedro Teozacoalco'),
(1951, 27, 'San Pedro Teutila'),
(1952, 27, 'San Pedro Tidaa'),
(1953, 27, 'San Pedro Topiltepec'),
(1954, 27, 'San Pedro Totolapa'),
(1955, 27, 'San Pedro y San Pablo Ayutla'),
(1956, 27, 'San Pedro y San Pablo Teposcolula'),
(1957, 27, 'San Pedro y San Pablo Tequixtepec'),
(1958, 27, 'San Pedro Yaneri'),
(1959, 27, 'San Pedro Yolox'),
(1960, 27, 'San Pedro Yucunama'),
(1961, 27, 'San Raymundo Jalpan'),
(1962, 27, 'San Sebastian Abasolo'),
(1963, 27, 'San Sebastian Coatlan'),
(1964, 27, 'San Sebastian Ixcapa'),
(1965, 27, 'San Sebastian Nicananduta'),
(1966, 27, 'San Sebastian Rio Hondo'),
(1967, 27, 'San Sebastian Tecomaxtlahuaca'),
(1968, 27, 'San Sebastian Teitipac'),
(1969, 27, 'San Sebastian Tutla'),
(1970, 27, 'San Simon Almolongas'),
(1971, 27, 'San Simon Zahuatlan'),
(1972, 27, 'San Vicente Coatlan'),
(1973, 27, 'San Vicente Lachixio'),
(1974, 27, 'San Vicente Nuñu'),
(1975, 27, 'Santa Ana'),
(1976, 27, 'Santa Ana Ateixtlahuaca'),
(1977, 27, 'Santa Ana Cuauhtemoc'),
(1978, 27, 'Santa Ana del Valle'),
(1979, 27, 'Santa Ana Tavela'),
(1980, 27, 'Santa Ana Tlapacoyan'),
(1981, 27, 'Santa Ana Yareni'),
(1982, 27, 'Santa Ana Zegache'),
(1983, 27, 'Santa Catalina Quieri'),
(1984, 27, 'Santa Catarina Cuixtla'),
(1985, 27, 'Santa Catarina Ixtepeji'),
(1986, 27, 'Santa Catarina Juquila'),
(1987, 27, 'Santa Catarina Lachatao'),
(1988, 27, 'Santa Catarina Loxicha'),
(1989, 27, 'Santa Catarina Mechoacan'),
(1990, 27, 'Santa Catarina Minas'),
(1991, 27, 'Santa Catarina Quiane'),
(1992, 27, 'Santa Catarina Quioquitani'),
(1993, 27, 'Santa Catarina Tayata'),
(1994, 27, 'Santa Catarina Ticua'),
(1995, 27, 'Santa Catarina Yosonotu'),
(1996, 27, 'Santa Catarina Zapoquila'),
(1997, 27, 'Santa Cruz Acatepec'),
(1998, 27, 'Santa Cruz Amilpas'),
(1999, 27, 'Santa Cruz de Bravo'),
(2000, 27, 'Santa Cruz Itundujia'),
(2001, 27, 'Santa Cruz Mixtepec'),
(2002, 27, 'Santa Cruz Nundaco'),
(2003, 27, 'Santa Cruz Papalutla'),
(2004, 27, 'Santa Cruz Tacache de Mina'),
(2005, 27, 'Santa Cruz Tacahua'),
(2006, 27, 'Santa Cruz Tayata'),
(2007, 27, 'Santa Cruz Xitla'),
(2008, 27, 'Santa Cruz Xoxocotlan'),
(2009, 27, 'Santa Cruz Zenzontepec'),
(2010, 27, 'Santa Gertrudis'),
(2011, 27, 'Santa Ines de Zaragoza'),
(2012, 27, 'Santa Ines del Monte'),
(2013, 27, 'Santa Ines Yatzeche'),
(2014, 27, 'Santa Lucia del Camino'),
(2015, 27, 'Santa Lucia Miahuatlan'),
(2016, 27, 'Santa Lucia Monteverde'),
(2017, 27, 'Santa Lucia Ocotlan'),
(2018, 27, 'Santa Magdalena Jicotlan'),
(2019, 27, 'Santa Maria Alotepec'),
(2020, 27, 'Santa Maria Apazco'),
(2021, 27, 'Santa Maria Atzompa'),
(2022, 27, 'Santa Maria Camotlan'),
(2023, 27, 'Santa Maria Chachoapam'),
(2024, 27, 'Santa Maria Chilchotla'),
(2025, 27, 'Santa Maria Chimalapa'),
(2026, 27, 'Santa Maria Colotepec'),
(2027, 27, 'Santa Maria Cortijo'),
(2028, 27, 'Santa Maria Coyotepec'),
(2029, 27, 'Santa Maria del Rosario'),
(2030, 27, 'Santa Maria del Tule'),
(2031, 27, 'Santa Maria Ecatepec'),
(2032, 27, 'Santa Maria Guelace'),
(2033, 27, 'Santa Maria Guienagati'),
(2034, 27, 'Santa Maria Huatulco'),
(2035, 27, 'Santa Maria Huazolotitlan'),
(2036, 27, 'Santa Maria Ipalapa'),
(2037, 27, 'Santa Maria Ixcatlan'),
(2038, 27, 'Santa Maria Jacatepec'),
(2039, 27, 'Santa Maria Jalapa del Marques'),
(2040, 27, 'Santa Maria Jaltianguis'),
(2041, 27, 'Santa Maria la Asuncion'),
(2042, 27, 'Santa Maria Lachixio'),
(2043, 27, 'Santa Maria Mixtequilla'),
(2044, 27, 'Santa Maria Nativitas'),
(2045, 27, 'Santa Maria Nduayaco'),
(2046, 27, 'Santa Maria Ozolotepec'),
(2047, 27, 'Santa Maria Papalo'),
(2048, 27, 'Santa Maria Peñoles'),
(2049, 27, 'Santa Maria Petapa'),
(2050, 27, 'Santa Maria Quiegolani'),
(2051, 27, 'Santa Maria Sola'),
(2052, 27, 'Santa Maria Tataltepec'),
(2053, 27, 'Santa Maria Tecomavaca'),
(2054, 27, 'Santa Maria Temaxcalapa'),
(2055, 27, 'Santa Maria Temaxcaltepec'),
(2056, 27, 'Santa Maria Teopoxco'),
(2057, 27, 'Santa Maria Tepantlali'),
(2058, 27, 'Santa Maria Texcatitlan'),
(2059, 27, 'Santa Maria Tlahuitoltepec'),
(2060, 27, 'Santa Maria Tlalixtac'),
(2061, 27, 'Santa Maria Tonameca'),
(2062, 27, 'Santa Maria Totolapilla'),
(2063, 27, 'Santa Maria Xadani'),
(2064, 27, 'Santa Maria Yalina'),
(2065, 27, 'Santa Maria Yavesia'),
(2066, 27, 'Santa Maria Yolotepec'),
(2067, 27, 'Santa Maria Yosoyua'),
(2068, 27, 'Santa Maria Yucuhiti'),
(2069, 27, 'Santa Maria Zacatepec'),
(2070, 27, 'Santa Maria Zaniza'),
(2071, 27, 'Santa Maria Zoquitlan'),
(2072, 27, 'Santiago Amoltepec'),
(2073, 27, 'Santiago Apoala'),
(2074, 27, 'Santiago Apostol'),
(2075, 27, 'Santiago Astata'),
(2076, 27, 'Santiago Atitlan'),
(2077, 27, 'Santiago Ayuquililla'),
(2078, 27, 'Santiago Cacaloxtepec'),
(2079, 27, 'Santiago Camotlan'),
(2080, 27, 'Santiago Chazumba'),
(2081, 27, 'Santiago Choapam'),
(2082, 27, 'Santiago Comaltepec'),
(2083, 27, 'Santiago del Rio'),
(2084, 27, 'Santiago Huajolotitlan'),
(2085, 27, 'Santiago Huauclilla'),
(2086, 27, 'Santiago Ihuitlan Plumas'),
(2087, 27, 'Santiago Ixcuintepec'),
(2088, 27, 'Santiago Ixtayutla'),
(2089, 27, 'Santiago Jamiltepec'),
(2090, 27, 'Santiago Jocotepec'),
(2091, 27, 'Santiago Juxtlahuaca'),
(2092, 27, 'Santiago Lachiguiri'),
(2093, 27, 'Santiago Lalopa'),
(2094, 27, 'Santiago Laollaga'),
(2095, 27, 'Santiago Laxopa'),
(2096, 27, 'Santiago Llano Grande'),
(2097, 27, 'Santiago Matatlan'),
(2098, 27, 'Santiago Miltepec'),
(2099, 27, 'Santiago Minas'),
(2100, 27, 'Santiago Nacaltepec'),
(2101, 27, 'Santiago Nejapilla'),
(2102, 27, 'Santiago Niltepec'),
(2103, 27, 'Santiago Nundiche'),
(2104, 27, 'Santiago Nuyoo'),
(2105, 27, 'Santiago Pinotepa Nacional'),
(2106, 27, 'Santiago Suchilquitongo'),
(2107, 27, 'Santiago Tamazola'),
(2108, 27, 'Santiago Tapextla'),
(2109, 27, 'Santiago Tenango'),
(2110, 27, 'Santiago Tepetlapa'),
(2111, 27, 'Santiago Tetepec'),
(2112, 27, 'Santiago Texcalcingo'),
(2113, 27, 'Santiago Textitlan'),
(2114, 27, 'Santiago Tilantongo'),
(2115, 27, 'Santiago Tillo'),
(2116, 27, 'Santiago Tlazoyaltepec'),
(2117, 27, 'Santiago Xanica'),
(2118, 27, 'Santiago Xiacui'),
(2119, 27, 'Santiago Yaitepec'),
(2120, 27, 'Santiago Yaveo'),
(2121, 27, 'Santiago Yolomecatl'),
(2122, 27, 'Santiago Yosondua'),
(2123, 27, 'Santiago Yucuyachi'),
(2124, 27, 'Santiago Zacatepec'),
(2125, 27, 'Santiago Zoochila'),
(2126, 27, 'Santo Domingo Albarradas'),
(2127, 27, 'Santo Domingo Armenta'),
(2128, 27, 'Santo Domingo Chihuitan'),
(2129, 27, 'Santo Domingo de Morelos'),
(2130, 27, 'Santo Domingo Ingenio'),
(2131, 27, 'Santo Domingo Ixcatlan'),
(2132, 27, 'Santo Domingo Nuxaa'),
(2133, 27, 'Santo Domingo Ozolotepec'),
(2134, 27, 'Santo Domingo Petapa'),
(2135, 27, 'Santo Domingo Roayaga'),
(2136, 27, 'Santo Domingo Tehuantepec'),
(2137, 27, 'Santo Domingo Teojomulco'),
(2138, 27, 'Santo Domingo Tepuxtepec'),
(2139, 27, 'Santo Domingo Tlatayapam'),
(2140, 27, 'Santo Domingo Tomaltepec'),
(2141, 27, 'Santo Domingo Tonala'),
(2142, 27, 'Santo Domingo Tonaltepec'),
(2143, 27, 'Santo Domingo Xagacia'),
(2144, 27, 'Santo Domingo Yanhuitlan'),
(2145, 27, 'Santo Domingo Yodohino'),
(2146, 27, 'Santo Domingo Zanatepec'),
(2147, 27, 'Santo Tomas Jalieza'),
(2148, 27, 'Santo Tomas Mazaltepec'),
(2149, 27, 'Santo Tomas Ocotepec'),
(2150, 27, 'Santo Tomas Tamazulapan'),
(2151, 27, 'Santos Reyes Nopala'),
(2152, 27, 'Santos Reyes Papalo'),
(2153, 27, 'Santos Reyes Tepejillo'),
(2154, 27, 'Santos Reyes Yucuna'),
(2155, 27, 'Silacayoapam'),
(2156, 27, 'Sitio de Xitlapehua'),
(2157, 27, 'Soledad Etla'),
(2158, 27, 'Tamazulapam del Espiritu Santo'),
(2159, 27, 'Tanetze de Zaragoza'),
(2160, 27, 'Taniche'),
(2161, 27, 'Tataltepec de Valdes'),
(2162, 27, 'Teococuilco de Marcos Perez'),
(2163, 27, 'Teotitlan de Flores Magon'),
(2164, 27, 'Teotitlan del Valle'),
(2165, 27, 'Teotongo'),
(2166, 27, 'Tepelmeme Villa de Morelos'),
(2167, 27, 'Tezoatlan de Segura y Luna'),
(2168, 27, 'Tlacolula de Matamoros'),
(2169, 27, 'Tlacotepec Plumas'),
(2170, 27, 'Tlalixtac de Cabrera'),
(2171, 27, 'Totontepec Villa de Morelos'),
(2172, 27, 'Trinidad Zaachila'),
(2173, 27, 'Union Hidalgo'),
(2174, 27, 'Valerio Trujano'),
(2175, 27, 'Villa de Chilapa de Diaz'),
(2176, 27, 'Villa de Etla'),
(2177, 27, 'Villa de Tamazulapam del Progreso'),
(2178, 27, 'Villa de Tututepec de Melchor Ocam'),
(2179, 27, 'Villa de Zaachila'),
(2180, 27, 'Villa Diaz Ordaz'),
(2181, 27, 'Villa Hidalgo'),
(2182, 27, 'Villa Sola de Vega'),
(2183, 27, 'Villa Talea de Castro'),
(2184, 27, 'Villa Tejupam de la Union'),
(2185, 27, 'Yaxe'),
(2186, 27, 'Yogana'),
(2187, 27, 'Yutanduchi de Guerrero'),
(2188, 27, 'Zapotitlan del Rio'),
(2189, 27, 'Zapotitlan Lagunas'),
(2190, 27, 'Zapotitlan Palmas'),
(2191, 27, 'Zimatlan de Alvarez'),
(2192, 28, 'Balancan'),
(2193, 28, 'Cardenas'),
(2194, 28, 'Centla'),
(2195, 28, 'Centro'),
(2196, 28, 'Comalcalco'),
(2197, 28, 'Cunduacan'),
(2198, 28, 'Emiliano Zapata'),
(2199, 28, 'Huimanguillo'),
(2200, 28, 'Jalapa'),
(2201, 28, 'Jalpa de Mendez'),
(2202, 28, 'Jonuta'),
(2203, 28, 'Macuspana'),
(2204, 28, 'Nacajuca'),
(2205, 28, 'Paraiso'),
(2206, 28, 'Tacotalpa'),
(2207, 28, 'Teapa'),
(2208, 28, 'Tenosique'),
(2209, 29, 'Benito Juarez'),
(2210, 29, 'Cozumel'),
(2211, 29, 'Felipe Carrillo Puerto'),
(2212, 29, 'Isla Mujeres'),
(2213, 29, 'Jose Maria Morelos'),
(2214, 29, 'Lazaro Cardenas'),
(2215, 29, 'Othon P. Blanco'),
(2216, 29, 'Solidaridad'),
(2217, 30, 'Calakmul'),
(2218, 30, 'Calkini'),
(2219, 30, 'Campeche'),
(2220, 30, 'Candelaria'),
(2221, 30, 'Carmen'),
(2222, 30, 'Champoton'),
(2223, 30, 'Escarcega'),
(2224, 30, 'Hecelchakan'),
(2225, 30, 'Hopelchen'),
(2226, 30, 'Palizada'),
(2227, 30, 'Tenabo'),
(2228, 31, 'Abala'),
(2229, 31, 'Acanceh'),
(2230, 31, 'Akil'),
(2231, 31, 'Baca'),
(2232, 31, 'Bokoba'),
(2233, 31, 'Buctzotz'),
(2234, 31, 'Cacalchen'),
(2235, 31, 'Calotmul'),
(2236, 31, 'Cansahcab'),
(2237, 31, 'Cantamayec'),
(2238, 31, 'Celestun'),
(2239, 31, 'Cenotillo'),
(2240, 31, 'Chacsinkin'),
(2241, 31, 'Chacsinkin'),
(2242, 31, 'Chankom'),
(2243, 31, 'Chapab'),
(2244, 31, 'Chemax'),
(2245, 31, 'Chichimila'),
(2246, 31, 'Chicxulub Pueblo'),
(2247, 31, 'Chikindzonot'),
(2248, 31, 'Chochola'),
(2249, 31, 'Chumayel'),
(2250, 31, 'Conkal'),
(2251, 31, 'Cuncunul'),
(2252, 31, 'Cuzama'),
(2253, 31, 'Dzan'),
(2254, 31, 'Dzemul'),
(2255, 31, 'Dzidzantun'),
(2256, 31, 'Dzilam de Bravo'),
(2257, 31, 'Dzilam Gonzalez'),
(2258, 31, 'Dzitas'),
(2259, 31, 'Dzoncauich'),
(2260, 31, 'Espita'),
(2261, 31, 'Halacho'),
(2262, 31, 'Hocaba'),
(2263, 31, 'Hoctun'),
(2264, 31, 'Homun'),
(2265, 31, 'Huhi'),
(2266, 31, 'Hunucma'),
(2267, 31, 'Ixil'),
(2268, 31, 'Izamal'),
(2269, 31, 'Kanasin'),
(2270, 31, 'Kantunil'),
(2271, 31, 'Kaua'),
(2272, 31, 'Kinchil'),
(2273, 31, 'Kopoma'),
(2274, 31, 'Mama'),
(2275, 31, 'Mani'),
(2276, 31, 'Maxcanu'),
(2277, 31, 'Mayapan'),
(2278, 31, 'Merida'),
(2279, 31, 'Mococha'),
(2280, 31, 'Motul'),
(2281, 31, 'Muna'),
(2282, 31, 'Muxupip'),
(2283, 31, 'Opichen'),
(2284, 31, 'Oxkutzcab'),
(2285, 31, 'Panaba'),
(2286, 31, 'Peto'),
(2287, 31, 'Progreso'),
(2288, 31, 'Quintana Roo'),
(2289, 31, 'Rio Lagartos'),
(2290, 31, 'Sacalum'),
(2291, 31, 'Samahil'),
(2292, 31, 'San Felipe'),
(2293, 31, 'Sanahcat'),
(2294, 31, 'Santa Elena'),
(2295, 31, 'Seye'),
(2296, 31, 'Sinanche'),
(2297, 31, 'Sotuta'),
(2298, 31, 'Sucila'),
(2299, 31, 'Sudzal'),
(2300, 31, 'Suma'),
(2301, 31, 'Tahdziu'),
(2302, 31, 'Tahmek'),
(2303, 31, 'Teabo'),
(2304, 31, 'Tecoh'),
(2305, 31, 'Tekal de Venegas'),
(2306, 31, 'Tekanto'),
(2307, 31, 'Tekax'),
(2308, 31, 'Tekit'),
(2309, 31, 'Tekom'),
(2310, 31, 'Telchac Pueblo'),
(2311, 31, 'Telchac Puerto'),
(2312, 31, 'Temax'),
(2313, 31, 'Temozon'),
(2314, 31, 'Tepakan'),
(2315, 31, 'Tetiz'),
(2316, 31, 'Teya'),
(2317, 31, 'Ticul'),
(2318, 31, 'Timucuy'),
(2319, 31, 'Tinum'),
(2320, 31, 'Tixcacalcupul'),
(2321, 31, 'Tixkokob'),
(2322, 31, 'Tixmehuac'),
(2323, 31, 'Tixpehual'),
(2324, 31, 'Tizimin'),
(2325, 31, 'Tunkas'),
(2326, 31, 'Tzucacab'),
(2327, 31, 'Uayma'),
(2328, 31, 'Ucu'),
(2329, 31, 'Uman'),
(2330, 31, 'Valladolid'),
(2331, 31, 'Xocchel'),
(2332, 31, 'Yaxcaba'),
(2333, 31, 'Yaxkukul'),
(2334, 31, 'Yobain'),
(2335, 32, 'Acacoyagua'),
(2336, 32, 'Acala'),
(2337, 32, 'Acapetahua'),
(2338, 32, 'Aldama'),
(2339, 32, 'Altamirano'),
(2340, 32, 'Amatan'),
(2341, 32, 'Amatenango de la Frontera'),
(2342, 32, 'Amatenango del Valle'),
(2343, 32, 'Angel Albino Corzo'),
(2344, 32, 'Arriaga'),
(2345, 32, 'Bejucal de Ocampo'),
(2346, 32, 'Bella Vista'),
(2347, 32, 'Benemerito de las Americas'),
(2348, 32, 'Berriozabal'),
(2349, 32, 'Bochil'),
(2350, 32, 'Cacahoatan'),
(2351, 32, 'Catazaja'),
(2352, 32, 'Chalchihuitan'),
(2353, 32, 'Chamula'),
(2354, 32, 'Chanal'),
(2355, 32, 'Chapultenango'),
(2356, 32, 'Chenalho'),
(2357, 32, 'Chiapa de Corzo'),
(2358, 32, 'Chiapilla'),
(2359, 32, 'Chicoasen'),
(2360, 32, 'Chicomuselo'),
(2361, 32, 'Chilon'),
(2362, 32, 'Cintalapa'),
(2363, 32, 'Coapilla'),
(2364, 32, 'Comitan de Dominguez'),
(2365, 32, 'Copainala'),
(2366, 32, 'El Bosque'),
(2367, 32, 'El Porvenir'),
(2368, 32, 'Escuintla'),
(2369, 32, 'Francisco Leon'),
(2370, 32, 'Frontera Comalapa'),
(2371, 32, 'Frontera Hidalgo'),
(2372, 32, 'Huehuetan'),
(2373, 32, 'Huitiupan'),
(2374, 32, 'Huixtan'),
(2375, 32, 'Huixtla'),
(2376, 32, 'Ixhuatan'),
(2377, 32, 'Ixtacomitan'),
(2378, 32, 'Ixtapa'),
(2379, 32, 'Ixtapangajoya'),
(2380, 32, 'Jiquipilas'),
(2381, 32, 'Jitotol'),
(2382, 32, 'Juarez'),
(2383, 32, 'La Concordia'),
(2384, 32, 'La Grandeza'),
(2385, 32, 'La Independencia'),
(2386, 32, 'La Libertad'),
(2387, 32, 'La Trinitaria'),
(2388, 32, 'Larrainzar'),
(2389, 32, 'Las Margaritas'),
(2390, 32, 'Las Rosas'),
(2391, 32, 'Mapastepec'),
(2392, 32, 'Maravilla Tenejapa'),
(2393, 32, 'Marques de Comillas'),
(2394, 32, 'Mazapa de Madero'),
(2395, 32, 'Mazatan'),
(2396, 32, 'Metapa'),
(2397, 32, 'Mitontic'),
(2398, 32, 'Montecristo de Guerrero'),
(2399, 32, 'Motozintla'),
(2400, 32, 'Nicolas Ruiz'),
(2401, 32, 'Ocosingo'),
(2402, 32, 'Ocotepec'),
(2403, 32, 'Ocozocoautla de Espinosa'),
(2404, 32, 'Ostuacan'),
(2405, 32, 'Osumacinta'),
(2406, 32, 'Oxchuc'),
(2407, 32, 'Palenque'),
(2408, 32, 'Pantelho'),
(2409, 32, 'Pantepec'),
(2410, 32, 'Pichucalco'),
(2411, 32, 'Pijijiapan'),
(2412, 32, 'Pueblo Nuevo Solistahuacan'),
(2413, 32, 'Rayon'),
(2414, 32, 'Reforma'),
(2415, 32, 'Sabanilla'),
(2416, 32, 'Salto de Agua'),
(2417, 32, 'San Andres Duraznal'),
(2418, 32, 'San Cristobal de las Casas'),
(2419, 32, 'San Fernando'),
(2420, 32, 'San Juan Cancuc'),
(2421, 32, 'San Lucas'),
(2422, 32, 'Santiago el Pinar'),
(2423, 32, 'Siltepec'),
(2424, 32, 'Simojovel'),
(2425, 32, 'Sitala'),
(2426, 32, 'Socoltenango'),
(2427, 32, 'Solosuchiapa'),
(2428, 32, 'Soyalo'),
(2429, 32, 'Suchiapa'),
(2430, 32, 'Suchiate'),
(2431, 32, 'Sunuapa'),
(2432, 32, 'Tapachula'),
(2433, 32, 'Tapalapa'),
(2434, 32, 'Tapilula'),
(2435, 32, 'Tecpatan'),
(2436, 32, 'Tenejapa'),
(2437, 32, 'Teopisca'),
(2438, 32, 'Tila'),
(2439, 32, 'Tonala'),
(2440, 32, 'Totolapa'),
(2441, 32, 'Tumbala'),
(2442, 32, 'Tuxtla Chico'),
(2443, 32, 'Tuxtla Gutierrez'),
(2444, 32, 'Tuzantan'),
(2445, 32, 'Tzimol'),
(2446, 32, 'Union Juarez'),
(2447, 32, 'Venustiano Carranza'),
(2448, 32, 'Villa Comaltitlan'),
(2449, 32, 'Villa Corzo'),
(2450, 32, 'Villaflores'),
(2451, 32, 'Yajalon'),
(2452, 32, 'Zinacantan'),
(2453, 33, 'Laredo'),
(2454, 33, 'San Antonio'),
(2455, 33, 'Austin'),
(2456, 33, 'Houston'),
(2457, 33, 'Dallas'),
(2458, 34, 'San Francisco'),
(2459, 34, 'Los Angeles'),
(2460, 34, 'San Diego'),
(2461, 35, 'Nueva York'),
(2462, 36, 'Orlando'),
(2463, 36, 'Miami'),
(2464, 37, 'Washington DC');

-- --------------------------------------------------------

--
-- Table structure for table `coches`
--

CREATE TABLE IF NOT EXISTS `coches` (
  `idCoche` int(11) NOT NULL AUTO_INCREMENT,
  `idUsuario` int(11) NOT NULL,
  `idMarca` int(11) NOT NULL,
  `idModelo` int(11) NOT NULL,
  `idTipoCoche` int(11) NOT NULL,
  `idAnnios` int(11) NOT NULL,
  `idNumeroPlaza` int(11) DEFAULT NULL,
  `idTipoEnergia` int(11) DEFAULT NULL,
  `idRangoKilometraje` int(11) DEFAULT NULL,
  `idNumeroPuerta` int(11) DEFAULT NULL,
  `idTipoTransmision` int(11) DEFAULT NULL,
  `idColorEngomado` int(11) DEFAULT NULL,
  `idHolograma` int(11) DEFAULT NULL,
  `AireAcondicionado` tinyint(1) DEFAULT '0',
  `DireccionAsistida` tinyint(1) DEFAULT '0',
  `ReguladorVelocidad` tinyint(1) DEFAULT '0',
  `GPS` tinyint(1) DEFAULT '0',
  `SillaBebe` tinyint(1) DEFAULT '0',
  `LectorCdMp3` tinyint(1) DEFAULT '0',
  `EntradaAuxiliar` tinyint(1) DEFAULT '0',
  `USB` tinyint(1) DEFAULT '0',
  `Bluetooth` tinyint(1) DEFAULT '0',
  `BolsaAire` tinyint(1) DEFAULT '0',
  `EngancheRemolque` tinyint(1) DEFAULT '0',
  `Alarma` tinyint(1) DEFAULT '0',
  `idStatus` int(11) DEFAULT NULL,
  `AdministradorVerifico` tinyint(1) NOT NULL DEFAULT '0',
  `Borrado` tinyint(1) NOT NULL DEFAULT '0',
  `idRazonBorrado` int(11) DEFAULT NULL,
  `FechaAgregado` datetime NOT NULL,
  `FechaModificado` datetime DEFAULT NULL,
  `FechaFotoModificado` datetime DEFAULT NULL,
  `Foto1` varchar(75) DEFAULT NULL,
  `Foto2` varchar(75) DEFAULT NULL,
  `Foto3` varchar(75) DEFAULT NULL,
  `idiomaFrances` tinyint(1) DEFAULT '0',
  `idiomaAleman` tinyint(1) DEFAULT '0',
  `idiomaIngles` tinyint(1) DEFAULT '0',
  `idiomaEspaniol` tinyint(1) DEFAULT '0',
  `DescripcionPersonal` text,
  `CondicionPersonal` varchar(500) DEFAULT NULL,
  `DireccionCoche` varchar(150) DEFAULT NULL,
  `DistanciaEntrega` int(11) DEFAULT NULL,
  `CostoPrimerDiaRenta` float NOT NULL,
  `CostoSegundoDiaRenta` float NOT NULL,
  `PrecioKilometro` float NOT NULL,
  `DiaPromedio` float NOT NULL,
  `MatriculaCoche` varchar(10) NOT NULL,
  `Consultas` int(11) NOT NULL DEFAULT '0',
  `Contactos` int(11) NOT NULL DEFAULT '0',
  `RentasHechas` int(11) NOT NULL DEFAULT '0',
  `Activado` tinyint(1) NOT NULL DEFAULT '0',
  `Salvado` tinyint(1) NOT NULL DEFAULT '0',
  `Telefono` varchar(45) DEFAULT NULL,
  PRIMARY KEY (`idCoche`)
) ENGINE=InnoDB  DEFAULT CHARSET=utf8 AUTO_INCREMENT=18 ;

--
-- Dumping data for table `coches`
--

INSERT INTO `coches` (`idCoche`, `idUsuario`, `idMarca`, `idModelo`, `idTipoCoche`, `idAnnios`, `idNumeroPlaza`, `idTipoEnergia`, `idRangoKilometraje`, `idNumeroPuerta`, `idTipoTransmision`, `idColorEngomado`, `idHolograma`, `AireAcondicionado`, `DireccionAsistida`, `ReguladorVelocidad`, `GPS`, `SillaBebe`, `LectorCdMp3`, `EntradaAuxiliar`, `USB`, `Bluetooth`, `BolsaAire`, `EngancheRemolque`, `Alarma`, `idStatus`, `AdministradorVerifico`, `Borrado`, `idRazonBorrado`, `FechaAgregado`, `FechaModificado`, `FechaFotoModificado`, `Foto1`, `Foto2`, `Foto3`, `idiomaFrances`, `idiomaAleman`, `idiomaIngles`, `idiomaEspaniol`, `DescripcionPersonal`, `CondicionPersonal`, `DireccionCoche`, `DistanciaEntrega`, `CostoPrimerDiaRenta`, `CostoSegundoDiaRenta`, `PrecioKilometro`, `DiaPromedio`, `MatriculaCoche`, `Consultas`, `Contactos`, `RentasHechas`, `Activado`, `Salvado`, `Telefono`) VALUES
(5, 25, 3, 32, 10, 61, 4, 6, 3, 2, 1, 0, 0, 1, 1, 0, 0, 0, 1, 1, 1, 0, 1, 0, 1, 1, 0, 0, NULL, '2015-04-27 04:20:28', NULL, NULL, NULL, NULL, NULL, 0, 0, 1, 1, 'Increible coche. La mejor opcion', NULL, 'Teziutlan Sur, La Paz, Puebla, Mexico', NULL, 407, 310, 10, 558.5, 'wtf-123', 0, 0, 0, 0, 0, NULL),
(6, 25, 5, 82, 10, 64, 4, 6, 2, 2, 1, 0, 0, 1, 1, 1, 1, 0, 0, 1, 1, 1, 0, 0, 0, 1, 0, 0, NULL, '2015-04-27 04:44:25', NULL, NULL, NULL, NULL, NULL, 0, 0, 1, 1, 'El mejor coche para tu estancia en puebla. contactame!', NULL, 'Zavaleta, Puebla, Mexico', NULL, 407, 220, 20, 713.5, 'wtf-123', 0, 0, 0, 0, 0, NULL),
(7, 25, 16, 276, 2, 64, 4, 6, 1, 2, 1, 0, 0, 1, 1, 0, 1, 0, 1, 1, 1, 1, 1, 0, 0, 1, 0, 0, NULL, '2015-04-27 05:07:18', NULL, NULL, NULL, NULL, NULL, 0, 0, 1, 1, 'El mejor civic de la ciudad, ven y animate!', NULL, 'Recta a Cholula, Cholula de Rivadavia (San Pedro Cholula), Mexico', NULL, 328, 270, 10, 1499.5, 'trw-123', 0, 0, 0, 0, 0, NULL),
(14, 25, 20, 337, 10, 61, 2, 6, 1, 2, 1, 0, 0, 1, 1, 0, 0, 0, 1, 1, 1, 1, 1, 0, 1, 1, 0, 0, NULL, '2015-04-27 10:25:36', NULL, NULL, NULL, NULL, NULL, 0, 0, 1, 1, 'El jaguar mas hermoso de la ciudad para pasear.', NULL, 'Udla o 5 de Mayo, Zona de Profesores, San Andrés Cholula, Mexico', NULL, 407, 300, 10, 553.5, 'qwe-123', 0, 0, 0, 0, 0, NULL),
(17, 25, 10, 176, 10, 65, 2, 6, 2, 2, 1, 0, 0, 1, 1, 0, 0, 0, 1, 1, 1, 1, 1, 0, 1, 1, 0, 0, NULL, '2015-04-27 11:00:41', NULL, NULL, NULL, NULL, NULL, 0, 0, 1, 1, 'El mejor dodge de la ciudad, ven conocelo', NULL, 'Periférico Sur, Puebla, Mexico', NULL, 527, 260, 5, 493.5, 'ZZZ-123', 0, 0, 0, 0, 0, NULL);

-- --------------------------------------------------------

--
-- Table structure for table `coloresengomados`
--

CREATE TABLE IF NOT EXISTS `coloresengomados` (
  `idColorEngomado` int(11) NOT NULL AUTO_INCREMENT,
  `Color` varchar(10) NOT NULL,
  PRIMARY KEY (`idColorEngomado`)
) ENGINE=InnoDB  DEFAULT CHARSET=utf8 AUTO_INCREMENT=6 ;

--
-- Dumping data for table `coloresengomados`
--

INSERT INTO `coloresengomados` (`idColorEngomado`, `Color`) VALUES
(1, 'Amarillo'),
(2, 'Rosa'),
(3, 'Rojo'),
(4, 'Verde'),
(5, 'Azul');

-- --------------------------------------------------------

--
-- Table structure for table `estados`
--

CREATE TABLE IF NOT EXISTS `estados` (
  `idEstado` int(11) NOT NULL AUTO_INCREMENT,
  `idPais` int(11) NOT NULL,
  `Nombre` varchar(100) NOT NULL,
  PRIMARY KEY (`idEstado`)
) ENGINE=InnoDB DEFAULT CHARSET=utf8;

--
-- Dumping data for table `estados`
--

INSERT INTO `estados` (`idEstado`, `idPais`, `Nombre`) VALUES
(1, 141, 'Baja California Sur'),
(2, 141, 'Baja California'),
(3, 141, 'Sonora'),
(4, 141, 'Chihuahua'),
(5, 141, 'Coahuila'),
(6, 141, 'Nuevo Leon'),
(7, 141, 'Tamaulipas'),
(8, 141, 'San Luis Potosi'),
(9, 141, 'Durango'),
(10, 141, 'Sinaloa'),
(11, 141, 'Nayarit'),
(12, 141, 'Jalisco'),
(13, 141, 'Zacatecas'),
(14, 141, 'Aguascalientes'),
(15, 141, 'Guanajuato'),
(16, 141, 'Queretaro'),
(17, 141, 'Estado de Mexico'),
(18, 141, 'Hidalgo'),
(19, 141, 'Tlaxcala'),
(20, 141, 'Distrito Federal'),
(21, 141, 'Morelos'),
(22, 141, 'Colima'),
(23, 141, 'Michoacan'),
(24, 141, 'Puebla'),
(25, 141, 'Veracruz'),
(26, 141, 'Guerrero'),
(27, 141, 'Oaxaca'),
(28, 141, 'Tabasco'),
(29, 141, 'Quintana Roo'),
(30, 141, 'Campeche'),
(31, 141, 'Yucatan'),
(32, 141, 'Chiapas');

-- --------------------------------------------------------

--
-- Table structure for table `marcasautos`
--

CREATE TABLE IF NOT EXISTS `marcasautos` (
  `idMarcaAuto` int(11) NOT NULL AUTO_INCREMENT,
  `Nombre` varchar(50) NOT NULL,
  PRIMARY KEY (`idMarcaAuto`)
) ENGINE=InnoDB  DEFAULT CHARSET=utf8 AUTO_INCREMENT=49 ;

--
-- Dumping data for table `marcasautos`
--

INSERT INTO `marcasautos` (`idMarcaAuto`, `Nombre`) VALUES
(1, 'ACURA'),
(2, 'ALFA ROMEO'),
(3, 'AUDI'),
(4, 'CBO TRUCKS'),
(5, 'BMW'),
(6, 'BUICK'),
(7, 'CADILLAC'),
(8, 'CHEVROLET'),
(9, 'CHRYSLER'),
(10, 'DODGE'),
(11, 'FIAT'),
(12, 'FORD'),
(13, 'GEO'),
(14, 'GIANT MOTORS'),
(15, 'GMC'),
(16, 'HONDA'),
(17, 'HYUNDAI'),
(18, 'INFINITI'),
(19, 'ISUZU'),
(20, 'JAGUAR'),
(21, 'JEEP'),
(22, 'LAND ROVER'),
(23, 'LINCOLN'),
(24, 'LOTUS'),
(25, 'MASTRETTA'),
(26, 'MAZDA'),
(27, 'MERCEDES BENZ'),
(28, 'MERCURY'),
(29, 'MG'),
(30, 'MILES'),
(31, 'MITSUBISHI '),
(32, 'NISSAN'),
(33, 'OPEL'),
(34, 'PEUGEOT'),
(35, 'PIAGGIO'),
(36, 'PONTIAC'),
(37, 'PORSCHE'),
(38, 'RENAULT'),
(39, 'ROVER'),
(40, 'SAAB'),
(41, 'SATURN'),
(42, 'SEAT'),
(43, 'SMART'),
(44, 'SUBARU'),
(45, 'SUZUKI'),
(46, 'TOYOTA'),
(47, 'VOLKSWAGEN'),
(48, 'VOLVO');

-- --------------------------------------------------------

--
-- Table structure for table `modelosautos`
--

CREATE TABLE IF NOT EXISTS `modelosautos` (
  `idModeloAuto` int(11) NOT NULL AUTO_INCREMENT,
  `idMarcaAuto` int(11) NOT NULL,
  `Nombre` varchar(25) NOT NULL,
  PRIMARY KEY (`idModeloAuto`)
) ENGINE=InnoDB  DEFAULT CHARSET=utf8 AUTO_INCREMENT=766 ;

--
-- Dumping data for table `modelosautos`
--

INSERT INTO `modelosautos` (`idModeloAuto`, `idMarcaAuto`, `Nombre`) VALUES
(1, 1, 'CL'),
(2, 1, 'EL'),
(3, 1, 'ILX'),
(4, 1, 'INTEGRA'),
(5, 1, 'LEGEND'),
(6, 1, 'MDX'),
(7, 1, 'NSX'),
(8, 1, 'RDX'),
(9, 1, 'RDX'),
(10, 1, 'RL'),
(11, 1, 'RSX'),
(12, 1, 'TL'),
(13, 1, 'TSX'),
(14, 1, 'VIGOR'),
(15, 1, 'OTRO'),
(16, 2, '147'),
(17, 2, '156'),
(18, 2, '159'),
(19, 2, '166'),
(20, 2, 'BRERA'),
(21, 2, 'GIULIETTA'),
(22, 2, 'GT SELESPEED'),
(23, 2, 'GTVV6'),
(24, 2, 'MITO'),
(25, 2, 'SPIDER'),
(26, 2, 'OTRO'),
(27, 3, '80'),
(28, 3, '90'),
(29, 3, '100'),
(30, 3, '200'),
(31, 3, 'A1 '),
(32, 3, 'A3'),
(33, 3, 'A4'),
(34, 3, 'A5'),
(35, 3, 'A6'),
(36, 3, 'A8'),
(37, 3, 'ALL ROAD'),
(38, 3, 'CABRIOLET'),
(39, 3, 'COUPE'),
(40, 3, 'Q3'),
(41, 3, 'Q5'),
(42, 3, 'Q7'),
(43, 3, 'R8'),
(44, 3, 'RS4'),
(45, 3, 'RS6'),
(46, 3, 'S3'),
(47, 3, 'S4'),
(48, 3, 'S5'),
(49, 3, 'TT'),
(50, 3, 'OTRO'),
(51, 4, 'CBO 1500'),
(52, 4, 'CBO 1000'),
(53, 4, 'OTRO'),
(54, 5, '118'),
(55, 5, '120'),
(56, 5, '125'),
(57, 5, '130'),
(58, 5, '135'),
(59, 5, '318'),
(60, 5, '320'),
(61, 5, '323'),
(62, 5, '325'),
(63, 5, '328'),
(64, 5, '330'),
(65, 5, '330'),
(66, 5, '335'),
(67, 5, '520'),
(68, 5, '525'),
(69, 5, '528'),
(70, 5, '530'),
(71, 5, '540'),
(72, 5, '545'),
(73, 5, '740'),
(74, 5, '745'),
(75, 5, '750'),
(76, 5, '1181'),
(77, 5, '1500'),
(78, 5, '1800'),
(79, 5, '2000'),
(80, 5, '2002'),
(81, 5, '2800'),
(82, 5, '3'),
(83, 5, 'M135'),
(84, 5, 'M3'),
(85, 5, 'M5'),
(86, 5, 'MINI'),
(87, 5, 'X1'),
(88, 5, 'X3'),
(89, 5, 'X5'),
(90, 5, 'Z3'),
(91, 5, 'Z4'),
(92, 6, 'ENCLAVE'),
(93, 6, 'LACROSSE'),
(94, 6, 'REGAL'),
(95, 6, 'VERANO'),
(96, 6, 'OTRO'),
(97, 7, 'ALLANTE'),
(98, 7, 'ATS'),
(99, 7, 'BLS'),
(100, 7, 'BROUGHAM'),
(101, 7, 'CATERA'),
(102, 7, 'CTS'),
(103, 7, 'DEVILLE'),
(104, 7, 'ELDORADO'),
(105, 7, 'ESCALADE'),
(106, 7, 'SEDAN'),
(107, 7, 'SEVILLE'),
(108, 7, 'SRX'),
(109, 7, 'STS'),
(110, 7, 'OTRO'),
(111, 8, 'ASTRO'),
(112, 8, 'AVALANCHE'),
(113, 8, 'AVEO'),
(114, 8, 'BLAZER'),
(115, 8, 'C/K PICKUP'),
(116, 8, 'CAMARO'),
(117, 8, 'CAPTIVA'),
(118, 8, 'CAVALIER'),
(119, 8, 'CHEVY'),
(120, 8, 'CHEVY C2'),
(121, 8, 'CHEVY JOY'),
(122, 8, 'CHEVY MONZA'),
(123, 8, 'CHEVY POPULAR'),
(124, 8, 'CHEVY STATION WAGON'),
(125, 8, 'CHEVY SWING'),
(126, 8, 'CHEYENNE'),
(127, 8, 'COBALT'),
(128, 8, 'COLORADO'),
(129, 8, 'CORSICA'),
(130, 8, 'CORVETTE'),
(131, 8, 'CRUZE'),
(132, 8, 'EQUINOX'),
(133, 8, 'EXPRESS'),
(134, 8, 'HHR'),
(135, 8, 'HUMMER'),
(136, 8, 'IMPALA'),
(137, 8, 'MALIBU'),
(138, 8, 'MONTE CARLO'),
(139, 8, 'OPTRA'),
(140, 8, 'OTRO'),
(141, 8, 'S-10'),
(142, 8, 'SILVERADO'),
(143, 8, 'SONIC'),
(144, 8, 'SPARK'),
(145, 8, 'SUBURBAN'),
(146, 8, 'TORNADO'),
(147, 8, 'TRACKER'),
(148, 8, 'TRAILBLAZER'),
(149, 8, 'TRAVERSE'),
(150, 8, 'TRAX'),
(151, 8, 'UPLANDER'),
(152, 8, 'VENTURE'),
(153, 8, 'OTRO'),
(154, 9, '2.4'),
(155, 9, '300'),
(156, 9, '3.6'),
(157, 9, 'ASPEN'),
(158, 9, 'CIRRUS'),
(159, 9, 'CONCORDE'),
(160, 9, 'CROSSFIRE'),
(161, 9, 'IMPERIAL'),
(162, 9, 'JOURNEY'),
(163, 9, 'LEBARON'),
(164, 9, 'LHS'),
(165, 9, 'NEW YORKER'),
(166, 9, 'NITRO'),
(167, 9, 'PACIFICA'),
(168, 9, 'PT CRUISER'),
(169, 9, 'SEBRING'),
(170, 9, 'TOWN & COUNTRY'),
(171, 9, 'VOYAGER'),
(172, 9, 'OTRO'),
(173, 10, 'AVENGER'),
(174, 10, 'CALIBER'),
(175, 10, 'CARAVAN'),
(176, 10, 'CHALLENGER'),
(177, 10, 'CHARGER'),
(178, 10, 'CORONET'),
(179, 10, 'DAKOTA'),
(180, 10, 'DART'),
(181, 10, 'DEMON'),
(182, 10, 'DURANGO'),
(183, 10, 'GRAND CARAVAN'),
(184, 10, 'INTREPRID'),
(185, 10, 'LANCER'),
(186, 10, 'MAGNUM'),
(187, 10, 'NEON'),
(188, 10, 'NITRO'),
(189, 10, 'POWER WAGON'),
(190, 10, 'RAM 1500'),
(191, 10, 'RAM 2500'),
(192, 10, 'RAM 3500'),
(193, 10, 'RAM CHARGER'),
(194, 10, 'RAM VAN'),
(195, 10, 'RAM WAGON'),
(196, 10, 'SHADOW'),
(197, 10, 'STEALTH'),
(198, 10, 'STRATUS'),
(199, 10, 'VIPER'),
(200, 10, 'OTRO'),
(201, 11, '500'),
(202, 11, '500 C'),
(203, 11, 'BARCHETTA'),
(204, 11, 'PALIO'),
(205, 11, 'PUNTO'),
(206, 11, 'UNO'),
(207, 11, 'OTRO'),
(208, 12, 'AEROSTAR'),
(209, 12, 'BRONCO'),
(210, 12, 'CLUB WAGON'),
(211, 12, 'CONTOUR'),
(212, 12, 'CROWN VICTORIA'),
(213, 12, 'E-150'),
(214, 12, 'E350'),
(215, 12, 'ECONOLINE'),
(216, 12, 'ECOSPORT'),
(217, 12, 'EDGE'),
(218, 12, 'ESCAPE'),
(219, 12, 'ESCORT'),
(220, 12, 'E-SERIES VAN'),
(221, 12, 'EXCURSION'),
(222, 12, 'EXPEDITION'),
(223, 12, 'EXPLORER'),
(224, 12, 'F-100'),
(225, 12, 'F-150'),
(226, 12, 'F-150'),
(227, 12, 'F-250'),
(228, 12, 'F-350'),
(229, 12, 'FIESTA'),
(230, 12, 'FIVE HUNDRED'),
(231, 12, 'FOCUS'),
(232, 12, 'FREESTAR'),
(233, 12, 'FUSION'),
(234, 12, 'GALAXIE'),
(235, 12, 'KA'),
(236, 12, 'LINCOLN'),
(237, 12, 'MERCURY SABLE'),
(238, 12, 'MONDEO'),
(239, 12, 'MUSTANG'),
(240, 12, 'MYSTIQUE'),
(241, 12, 'OTRO'),
(242, 12, 'POLICE INTERCEPTOR'),
(243, 12, 'PROBE'),
(244, 12, 'RANGER'),
(245, 12, 'TAURUS'),
(246, 12, 'TEMPO'),
(247, 12, 'THUNDERBIRD'),
(248, 12, 'TRANSIT LARGA DIESEL'),
(249, 12, 'VAN '),
(250, 12, 'WINDSTAR'),
(251, 12, 'OTRO'),
(252, 13, 'METRO'),
(253, 13, 'PRIZM'),
(254, 13, 'STORM'),
(255, 13, 'TRACKER'),
(256, 13, 'OTRO'),
(257, 14, 'MINI VAN'),
(258, 14, 'OTRO'),
(259, 15, 'ACADIA'),
(260, 15, 'ENVOY'),
(261, 15, 'JIMMY'),
(262, 15, 'OTRO'),
(263, 15, 'SAFARI'),
(264, 15, 'SAVANA'),
(265, 15, 'SIERRA 1500'),
(266, 15, 'SIERRA 2500'),
(267, 15, 'SIERRA 3500'),
(268, 15, 'SONOMA'),
(269, 15, 'SUBURBAN'),
(270, 15, 'TERRAIN'),
(271, 15, 'VANDURA'),
(272, 15, 'YUKON'),
(273, 15, 'OTRO'),
(274, 16, 'ACCORD'),
(275, 16, 'CITY'),
(276, 16, 'CIVIC'),
(277, 16, 'CONCERTO'),
(278, 16, 'CR-V'),
(279, 16, 'CRX'),
(280, 16, 'CR-Z'),
(281, 16, 'DEL SOL'),
(282, 16, 'ELEMENT'),
(283, 16, 'FIT'),
(284, 16, 'INSIGHT'),
(285, 16, 'INTEGRA'),
(286, 16, 'JAZZ'),
(287, 16, 'LEGEND'),
(288, 16, 'LOGO'),
(289, 16, 'N360'),
(290, 16, 'N600'),
(291, 16, 'NSX'),
(292, 16, 'ODYSSEY'),
(293, 16, 'OTRO'),
(294, 16, 'PASSPORT'),
(295, 16, 'PILOT'),
(296, 16, 'PRELUDE'),
(297, 16, 'RIDGELINE'),
(298, 16, 'S2000'),
(299, 16, 'OTRO'),
(300, 17, 'ACCENT'),
(301, 17, 'ATOS'),
(302, 17, 'ATTITUDE'),
(303, 17, 'COUPE'),
(304, 17, 'ELANTRA'),
(305, 17, 'H100'),
(306, 17, 'I10'),
(307, 17, 'LANTRA'),
(308, 17, 'S COUPE'),
(309, 17, 'SANTA FE'),
(310, 17, 'SONATA'),
(311, 17, 'TIBURON'),
(312, 17, 'TUCSON'),
(313, 17, 'VERNA'),
(314, 17, 'XG'),
(315, 17, 'OTRO'),
(316, 18, 'Q 50'),
(317, 18, 'G 20'),
(318, 18, 'G 37'),
(319, 18, 'I 30'),
(320, 18, 'JX 35'),
(321, 18, 'M 37'),
(322, 18, 'Q 45'),
(323, 18, 'QX4'),
(324, 18, 'OTRO'),
(325, 19, 'AMIGO'),
(326, 19, 'ASCENDER'),
(327, 19, 'AXIOM'),
(328, 19, 'CAMPO'),
(329, 19, 'HOMBRE'),
(330, 19, 'I-SERIES'),
(331, 19, 'PICKUP'),
(332, 19, 'RODEO'),
(333, 19, 'SPORTIVO'),
(334, 19, 'TROOPER'),
(335, 19, 'OTRO'),
(336, 20, 'S TYPE'),
(337, 20, 'X TYPE'),
(338, 20, 'XF LUXURY'),
(339, 20, 'OTRO'),
(340, 21, 'CHEROKEE'),
(341, 21, 'CJ'),
(342, 21, 'COMMANDER'),
(343, 21, 'COMMANDO'),
(344, 21, 'COMPASS'),
(345, 21, 'GRAND CHEROKEE'),
(346, 21, 'LAREDO'),
(347, 21, 'LIBERTY'),
(348, 21, 'PATRIOT'),
(349, 21, 'RENEGADE'),
(350, 21, 'TJ'),
(351, 21, 'WAGONEER'),
(352, 21, 'WRANGLER'),
(353, 21, 'YJ'),
(354, 21, 'OTRO'),
(355, 22, 'LR2'),
(356, 22, 'DISCOVERY'),
(357, 22, 'EVOQUE'),
(358, 22, 'FREELANDER'),
(359, 22, 'HSE'),
(360, 22, 'LR3'),
(361, 22, 'ROVER'),
(362, 22, 'OTRO'),
(363, 23, 'LS'),
(364, 23, 'AVIATOR'),
(365, 23, 'CONTINENTAL'),
(366, 23, 'MARK SERIES'),
(367, 23, 'NAVIGATOR'),
(368, 23, 'TOWN CAR'),
(369, 23, 'OTRO'),
(370, 24, 'ELISE'),
(371, 24, 'EXIGE'),
(372, 24, 'OTRO'),
(373, 25, 'MXT'),
(374, 25, 'OTRO'),
(375, 26, '323'),
(376, 26, '626'),
(377, 26, 'B-SERIES PICKUPS'),
(378, 26, 'CX-5'),
(379, 26, 'CX-7'),
(380, 26, 'CX-9'),
(381, 26, 'M10'),
(382, 26, 'M3'),
(383, 26, 'M30'),
(384, 26, 'M6'),
(385, 26, 'MAZDA 2'),
(386, 26, 'MAZDA 3'),
(387, 26, 'MAZDA 5'),
(388, 26, 'MAZDA 6'),
(389, 26, 'MAZDA SPEED2'),
(390, 26, 'MAZDA SPEED3'),
(391, 26, 'MILLENIA'),
(392, 26, 'MPV'),
(393, 26, 'MX-3'),
(394, 26, 'MX-5'),
(395, 26, 'MX-5'),
(396, 26, 'MX-6'),
(397, 26, 'MZ5'),
(398, 26, 'OTRO'),
(399, 26, 'PROTEGE'),
(400, 26, 'RX-7'),
(401, 26, 'RX-8'),
(402, 26, 'RX-8'),
(403, 26, 'TIPO 5'),
(404, 26, 'TRIBUTE'),
(405, 26, 'OTRO'),
(406, 27, '3.5 L'),
(407, 27, '1.8 L'),
(408, 27, '3.0 L'),
(409, 27, 'A 160'),
(410, 27, 'A 180'),
(411, 27, 'A 190'),
(412, 27, 'A 200'),
(413, 27, 'A 250'),
(414, 27, 'B 180'),
(415, 27, 'B 200'),
(416, 27, 'C 180'),
(417, 27, 'C 200'),
(418, 27, 'C 220'),
(419, 27, 'C 230'),
(420, 27, 'C 240'),
(421, 27, 'C 250'),
(422, 27, 'C 280'),
(423, 27, 'C 320'),
(424, 27, 'C 350'),
(425, 27, 'CL 200'),
(426, 27, 'CL 230'),
(427, 27, 'CLA 200'),
(428, 27, 'CLA 250'),
(429, 27, 'CLA 250'),
(430, 27, 'CLK 280'),
(431, 27, 'CLK 320'),
(432, 27, 'CLK 350'),
(433, 27, 'E 200'),
(434, 27, 'E 250'),
(435, 27, 'E 280'),
(436, 27, 'E 320'),
(437, 27, 'E 420'),
(438, 27, 'E 430'),
(439, 27, 'E 500'),
(440, 27, 'E-CLASS'),
(441, 27, 'GLK 280'),
(442, 27, 'GLK 350'),
(443, 27, 'M-CLASS'),
(444, 27, 'ML 320'),
(445, 27, 'ML 350'),
(446, 27, 'ML 430'),
(447, 27, 'ML 500'),
(448, 27, 'R 350'),
(449, 27, 'SLK 200'),
(450, 27, 'SLK 320'),
(451, 27, 'SLK 350'),
(452, 27, 'SPRINTER CARGO'),
(453, 27, 'SPRINTER WAGON'),
(454, 27, 'VIANO TREND'),
(455, 27, 'VITO CONFORT'),
(456, 27, 'VITO PASAJE'),
(457, 27, 'OTRO'),
(458, 28, 'COUGAR'),
(459, 28, 'GRAND MARQUIS'),
(460, 28, 'MARINER'),
(461, 28, 'MONTEGO'),
(462, 28, 'MONTEREY'),
(463, 28, 'MOUNTAINEER'),
(464, 28, 'MYSTIQUE'),
(465, 28, 'SABLE'),
(466, 28, 'TRACER'),
(467, 28, 'VILLAGER'),
(468, 28, 'OTRO'),
(469, 29, 'ZT'),
(470, 29, 'ROVER 75'),
(471, 29, 'TF'),
(472, 29, 'ZR'),
(473, 29, 'OTRO'),
(474, 30, 'AUTO SILHOUETTE'),
(475, 30, 'OTRO'),
(476, 31, 'ASX'),
(477, 31, '3000GT'),
(478, 31, 'DIAMANTE'),
(479, 31, 'ECLIPSE'),
(480, 31, 'ENDEAVOR'),
(481, 31, 'FTO'),
(482, 31, 'GALANT'),
(483, 31, 'GRANDIS'),
(484, 31, 'L200'),
(485, 31, 'LANCER'),
(486, 31, 'MIRAGE'),
(487, 31, 'MONTERO'),
(488, 31, 'OUTLANDER'),
(489, 31, 'PAJERO'),
(490, 31, 'SPACE STAR'),
(491, 31, 'OTRO'),
(492, 32, '350'),
(493, 32, '100 NX'),
(494, 32, '200 SX'),
(495, 32, '240 SX'),
(496, 32, '280 ZX'),
(497, 32, '300 ZX'),
(498, 32, '350Z'),
(499, 32, '370Z'),
(500, 32, 'ALMERA'),
(501, 32, 'ALTIMA'),
(502, 32, 'APRIO'),
(503, 32, 'ARMADA'),
(504, 32, 'CHERRY'),
(505, 32, 'ECO'),
(506, 32, 'FRONTIER'),
(507, 32, 'JUKE'),
(508, 32, 'KING CAB'),
(509, 32, 'LEAF'),
(510, 32, 'LUCINO'),
(511, 32, 'MARCH'),
(512, 32, 'MAXIMA'),
(513, 32, 'MICRA'),
(514, 32, 'MURANO'),
(515, 32, 'NOTE'),
(516, 32, 'PATHFINDER'),
(517, 32, 'PATROL'),
(518, 32, 'PLATINA'),
(519, 32, 'PRIMERA'),
(520, 32, 'QUEST'),
(521, 32, 'ROGUE'),
(522, 32, 'SENTRA'),
(523, 32, 'SENTRA'),
(524, 32, 'STANZA'),
(525, 32, 'TIIDA'),
(526, 32, 'TITAN'),
(527, 32, 'TSUBAME'),
(528, 32, 'TSURU'),
(529, 32, 'TSURU II'),
(530, 32, 'URVAN'),
(531, 32, 'VERSA'),
(532, 32, 'XTERRA'),
(533, 32, 'XTERRA'),
(534, 32, 'X-TRAIL'),
(535, 32, 'X-TRAIL'),
(536, 32, 'OTRO'),
(537, 33, 'ASTRA'),
(538, 33, 'CORSA'),
(539, 33, 'MERIVA'),
(540, 33, 'SEDAN'),
(541, 33, 'VECTRA'),
(542, 33, 'ZAFIRA'),
(543, 33, 'OTRO'),
(544, 34, '104'),
(545, 34, '107'),
(546, 34, '205'),
(547, 34, '206'),
(548, 34, '207'),
(549, 34, '208'),
(550, 34, '301'),
(551, 34, '306'),
(552, 34, '307'),
(553, 34, '308'),
(554, 34, '309'),
(555, 34, '405'),
(556, 34, '406'),
(557, 34, '407'),
(558, 34, '508'),
(559, 34, '607'),
(560, 34, '3008'),
(561, 34, '206 CC'),
(562, 34, '207 CC'),
(563, 34, '307 CC'),
(564, 34, 'EXPERT'),
(565, 34, 'FELINE'),
(566, 34, 'GRAND RAID'),
(567, 34, 'PARTNER PASAJEROS'),
(568, 34, 'PARTNER TEPEE'),
(569, 34, 'RCZ'),
(570, 34, 'XSI'),
(571, 34, 'OTRO'),
(572, 35, 'PORTER COMBI'),
(573, 35, 'LIGIER'),
(574, 35, 'OTRO'),
(575, 36, 'AZTEK'),
(576, 36, 'BONNEVILLE'),
(577, 36, 'FIERO'),
(578, 36, 'FIREBIRD'),
(579, 36, 'G3'),
(580, 36, 'G4'),
(581, 36, 'G5'),
(582, 36, 'G6'),
(583, 36, 'GRAND AM'),
(584, 36, 'GRAND PRIX'),
(585, 36, 'GTO'),
(586, 36, 'MATIZ'),
(587, 36, 'MONTANA'),
(588, 36, 'SOLSTICE'),
(589, 36, 'SUNBIRD'),
(590, 36, 'SUNFIRE'),
(591, 36, 'TORRENT'),
(592, 36, 'TRANS AM'),
(593, 36, 'VIBE'),
(594, 36, 'OTRO'),
(595, 37, 'BOXTER'),
(596, 37, 'CAYMAN'),
(597, 37, '911'),
(598, 37, 'OTRO'),
(599, 38, 'CARAVELLE'),
(600, 38, 'CLIO'),
(601, 38, 'DUSTER'),
(602, 38, 'EURO CLIO'),
(603, 38, 'FLORIDE'),
(604, 38, 'FLUENCE'),
(605, 38, 'FUEGO'),
(606, 38, 'GRAND SCENIC'),
(607, 38, 'KANGOO'),
(608, 38, 'KOLEOS'),
(609, 38, 'LAGUNA'),
(610, 38, 'MEGANE'),
(611, 38, 'MEGANE II'),
(612, 38, 'R18'),
(613, 38, 'R4'),
(614, 38, 'R5'),
(615, 38, 'SAFRANE'),
(616, 38, 'SANDERO'),
(617, 38, 'SCALA'),
(618, 38, 'SCENIC'),
(619, 38, 'TRAFIC'),
(620, 38, 'OTRO'),
(621, 39, '75 CLASSIC'),
(622, 39, '75 CONTEMPORARY'),
(623, 39, '75 SEDAN'),
(624, 39, 'VAGONETA'),
(625, 39, 'OTRO'),
(626, 40, '09-mar'),
(627, 40, 'OTRO'),
(628, 41, 'ION'),
(629, 41, 'VUE'),
(630, 41, 'L-SERIES'),
(631, 41, 'S-SERIES'),
(632, 41, 'OTRO'),
(633, 42, 'ALHAMBRA'),
(634, 42, 'ALTEA'),
(635, 42, 'ALTEA XL'),
(636, 42, 'BOCANEGRA'),
(637, 42, 'CORDOBA'),
(638, 42, 'EXEO'),
(639, 42, 'FREETRACK'),
(640, 42, 'IBIZA'),
(641, 42, 'LEON'),
(642, 42, 'NUEVO IBIZA'),
(643, 42, 'TERRA'),
(644, 42, 'TOLEDO'),
(645, 42, 'OTRO'),
(646, 43, 'FORTWO'),
(647, 43, 'BRABUS'),
(648, 43, 'FORFOUR'),
(649, 43, 'PASSION'),
(650, 43, 'PULSE'),
(651, 43, 'PURE'),
(652, 43, 'ROADSTER'),
(653, 43, 'OTRO'),
(654, 44, 'B9'),
(655, 44, 'FORESTER'),
(656, 44, 'IMPREZA'),
(657, 44, 'LEGACY'),
(658, 44, 'OUTBACK'),
(659, 44, 'SONORA'),
(660, 44, 'TRIBECA'),
(661, 44, 'XV'),
(662, 45, 'GRAND VITARA'),
(663, 45, 'AERIO'),
(664, 45, 'ESTEEM'),
(665, 45, 'FORENZA'),
(666, 45, 'KIZASHI'),
(667, 45, 'SAMURAI'),
(668, 45, 'S-CROSS'),
(669, 45, 'SUZUKI TWIN'),
(670, 45, 'SWIFT'),
(671, 45, 'SX4'),
(672, 45, 'SX4'),
(673, 45, 'VERONA'),
(674, 45, 'VITARA'),
(675, 45, 'VITARA'),
(676, 45, 'XL7'),
(677, 45, 'OTRO'),
(678, 46, '4 RUNNER'),
(679, 46, 'AVALON'),
(680, 46, 'AVANZA'),
(681, 46, 'CAMI'),
(682, 46, 'CAMRY'),
(683, 46, 'CAMRY SOLARA'),
(684, 46, 'CELICA'),
(685, 46, 'COROLLA'),
(686, 46, 'COROLLA VERSO'),
(687, 46, 'ECHO'),
(688, 46, 'FJ CRUISER'),
(689, 46, 'HIACE'),
(690, 46, 'HIGHLANDER'),
(691, 46, 'HI-LUX'),
(692, 46, 'MATRIX'),
(693, 46, 'MR'),
(694, 46, 'MR 2'),
(695, 46, 'PASEO'),
(696, 46, 'PREVIA'),
(697, 46, 'PRIUS'),
(698, 46, 'RAV 4'),
(699, 46, 'RAV 4 EV'),
(700, 46, 'RUSH'),
(701, 46, 'SEQUOIA'),
(702, 46, 'SIENNA'),
(703, 46, 'SOLARA'),
(704, 46, 'T100'),
(705, 46, 'TACOMA'),
(706, 46, 'TERCEL'),
(707, 46, 'TUNDRA'),
(708, 46, 'YARIS'),
(709, 46, 'OTRO'),
(710, 47, 'GOL'),
(711, 47, 'BEETLE'),
(712, 47, 'BEETLE CABRIO'),
(713, 47, 'BORA'),
(714, 47, 'CABRIO'),
(715, 47, 'CADDY'),
(716, 47, 'CALIFORNIA'),
(717, 47, 'CARAVELLE'),
(718, 47, 'CITIGOLF'),
(719, 47, 'COMBI'),
(720, 47, 'CRAFTER'),
(721, 47, 'CROSSFOX'),
(722, 47, 'DERBY'),
(723, 47, 'EL NUEVO GOLF'),
(724, 47, 'EOS'),
(725, 47, 'EUROVAN'),
(726, 47, 'GOL'),
(727, 47, 'GOLF'),
(728, 47, 'GOLF PLUS'),
(729, 47, 'GOLF V'),
(730, 47, 'GOLF VARIANT'),
(731, 47, 'GTI'),
(732, 47, 'HUMMBUG'),
(733, 47, 'JETTA'),
(734, 47, 'JETTA'),
(735, 47, 'LUPO'),
(736, 47, 'NEW BEETLE'),
(737, 47, 'PASSAT'),
(738, 47, 'PASSAT LINGYU'),
(739, 47, 'PASSAT VARIANT'),
(740, 47, 'POINTER'),
(741, 47, 'POLO'),
(742, 47, 'RABBIT'),
(743, 47, 'ROUTAN'),
(744, 47, 'SEDAN'),
(745, 47, 'SHARAN'),
(746, 47, 'SPORTVAN'),
(747, 47, 'TIGUAN'),
(748, 47, 'TOUAREG'),
(749, 47, 'TRANSPORTER'),
(750, 47, 'VENTO'),
(751, 47, 'VOLKSBUS'),
(752, 47, 'WORKER'),
(753, 48, 'C30'),
(754, 48, 'C70'),
(755, 48, 'S40'),
(756, 48, 'S60'),
(757, 48, 'S80'),
(758, 48, 'V40'),
(759, 48, 'V50'),
(760, 48, 'V60'),
(761, 48, 'V70'),
(762, 48, 'XC60'),
(763, 48, 'XC70'),
(764, 48, 'XC90'),
(765, 48, 'OTRO');

-- --------------------------------------------------------

--
-- Table structure for table `numeroplazas`
--

CREATE TABLE IF NOT EXISTS `numeroplazas` (
  `idNumeroPlaza` int(11) NOT NULL AUTO_INCREMENT,
  `Numero` varchar(12) NOT NULL,
  PRIMARY KEY (`idNumeroPlaza`)
) ENGINE=InnoDB  DEFAULT CHARSET=utf8 AUTO_INCREMENT=11 ;

--
-- Dumping data for table `numeroplazas`
--

INSERT INTO `numeroplazas` (`idNumeroPlaza`, `Numero`) VALUES
(1, '1'),
(2, '2'),
(3, '3'),
(4, '4'),
(5, '5'),
(6, '6'),
(7, '7'),
(8, '8'),
(9, '9'),
(10, '10 o mas');

-- --------------------------------------------------------

--
-- Table structure for table `numeropuertas`
--

CREATE TABLE IF NOT EXISTS `numeropuertas` (
  `idNumeroPuerta` int(11) NOT NULL AUTO_INCREMENT,
  `Numero` varchar(10) NOT NULL,
  PRIMARY KEY (`idNumeroPuerta`)
) ENGINE=InnoDB  DEFAULT CHARSET=utf8 AUTO_INCREMENT=8 ;

--
-- Dumping data for table `numeropuertas`
--

INSERT INTO `numeropuertas` (`idNumeroPuerta`, `Numero`) VALUES
(1, '1'),
(2, '2'),
(3, '3'),
(4, '4'),
(5, '5'),
(6, '6'),
(7, '7 o mas');

-- --------------------------------------------------------

--
-- Table structure for table `paises`
--

CREATE TABLE IF NOT EXISTS `paises` (
  `idPais` int(11) NOT NULL AUTO_INCREMENT,
  `Nombre` varchar(30) NOT NULL,
  PRIMARY KEY (`idPais`)
) ENGINE=InnoDB  DEFAULT CHARSET=utf8 AUTO_INCREMENT=221 ;

--
-- Dumping data for table `paises`
--

INSERT INTO `paises` (`idPais`, `Nombre`) VALUES
(1, 'Afganistan'),
(2, 'Albania'),
(3, 'Alemania'),
(4, 'Andorra'),
(5, 'Angola'),
(6, 'Anguilla'),
(7, 'Antigua y Barbuda'),
(8, 'Antillas Holandesas'),
(9, 'Arabia Saudi'),
(10, 'Argelia'),
(11, 'Argentina'),
(12, 'Armenia'),
(13, 'Aruba'),
(14, 'Australia'),
(15, 'Austria'),
(16, 'Azerbayan'),
(17, 'Bahamas'),
(18, 'Bahrain'),
(19, 'Bangladesh'),
(20, 'Barbados'),
(21, 'Belgica'),
(22, 'Belice'),
(23, 'Benin'),
(24, 'Bermudas'),
(25, 'Bielorrusia'),
(26, 'Bolivia'),
(27, 'Bosnia - Herzegovina'),
(28, 'Botswana'),
(29, 'Brasil'),
(30, 'Brunei'),
(31, 'Bulgaria'),
(32, 'Burkina Faso'),
(33, 'Burma (Myanmar)'),
(34, 'Burundi'),
(35, 'Butan'),
(36, 'Cabo Verde'),
(37, 'Camboya'),
(38, 'Camerun'),
(39, 'Canada'),
(40, 'Chad'),
(41, 'Chile'),
(42, 'China'),
(43, 'Chipre'),
(44, 'Colombia'),
(45, 'Comoros'),
(46, 'Congo'),
(47, 'Corea del Norte'),
(48, 'Corea del Sur'),
(49, 'Costa de Marfil'),
(50, 'Costa Rica'),
(51, 'Croacia'),
(52, 'Cuba'),
(53, 'Dinamarca'),
(54, 'Dominica'),
(55, 'Ecuador'),
(56, 'Egipto'),
(57, 'El Salvador'),
(58, 'Emiratos Arabes Unidos'),
(59, 'Eritrea'),
(60, 'Eslovaquia'),
(61, 'Eslovenia'),
(62, 'Espa'),
(63, 'Estados Unidos'),
(64, 'Estonia'),
(65, 'Etiopia'),
(66, 'Fiji'),
(67, 'Filipinas'),
(68, 'Finlandia'),
(69, 'Francia'),
(70, 'Gabon'),
(71, 'Gambia'),
(72, 'Georgia'),
(73, 'Ghana'),
(74, 'Gibraltar'),
(75, 'Granada'),
(76, 'Grecia'),
(77, 'Groenlandia'),
(78, 'Guadalupe'),
(79, 'Guam'),
(80, 'Guatemala'),
(81, 'Guayana'),
(82, 'Guayana Francesa'),
(83, 'Guinea'),
(84, 'Guinea Ecuatorial'),
(85, 'Guinea-Bissau'),
(86, 'Haiti'),
(87, 'Holanda'),
(88, 'Honduras'),
(89, 'Hong Kong'),
(90, 'Hungria'),
(91, 'I. Caiman'),
(92, 'I. Cocos (Keeling)'),
(93, 'I. Cook'),
(94, 'I. Feroe'),
(95, 'I. Galapagos'),
(96, 'I. Malvinas'),
(97, 'I. Marianas del Norte'),
(98, 'I. Marshall'),
(99, 'I. Reunion'),
(100, 'I. Salomon'),
(101, 'I. Virgenes Britanicas'),
(102, 'I. Virgenes EEUU'),
(103, 'I. Wallis y Futuna'),
(104, 'India'),
(105, 'Indonesia'),
(106, 'Iran'),
(107, 'Iraq'),
(108, 'Irlanda'),
(109, 'Islandia'),
(110, 'Israel'),
(111, 'Italia'),
(112, 'Jamaica'),
(113, 'Japon'),
(114, 'Jordania'),
(115, 'Kazajistan'),
(116, 'Kenia'),
(117, 'Kirguizistan'),
(118, 'Kiribati'),
(119, 'Kuwait'),
(120, 'Laos'),
(121, 'Lesotho'),
(122, 'Letonia'),
(123, 'Libano'),
(124, 'Liberia'),
(125, 'Libia'),
(126, 'Liechtenstein'),
(127, 'Lituania'),
(128, 'Luxemburgo'),
(129, 'Macao'),
(130, 'Macedonia'),
(131, 'Madagascar'),
(132, 'Malasia'),
(133, 'Malawi'),
(134, 'Maldivas'),
(135, 'Mali'),
(136, 'Malta'),
(137, 'Marruecos'),
(138, 'Martinica'),
(139, 'Mauricio'),
(140, 'Mauritania'),
(141, 'Mexico'),
(142, 'Micronesia'),
(143, 'Moldavia'),
(144, 'Monaco'),
(145, 'Mongolia'),
(146, 'Montserrat'),
(147, 'Mozambique'),
(148, 'Namibia'),
(149, 'Nauru'),
(150, 'Nepal'),
(151, 'Nicaragua'),
(152, 'Niger'),
(153, 'Nigeria'),
(154, 'Noruega'),
(155, 'Nueva Caledonia'),
(156, 'Nueva Zelanda'),
(157, 'Oman'),
(158, 'Pakistan'),
(159, 'Palau'),
(160, 'Panama'),
(161, 'Papua Nueva Guinea'),
(162, 'Paraguay'),
(163, 'Peru'),
(164, 'Polinesia Francesa'),
(165, 'Polonia'),
(166, 'Portugal'),
(167, 'Puerto Rico'),
(168, 'Qatar'),
(169, 'Reino Unido'),
(170, 'Rep. Centroafricana'),
(171, 'Rep. Checa'),
(172, 'Rep. Dominicana'),
(173, 'Ruanda'),
(174, 'Rumania'),
(175, 'Rusia'),
(176, 'Sahara Occidental'),
(177, 'Samoa'),
(178, 'San Marino'),
(179, 'Sao Tome y Principe'),
(180, 'Senegal'),
(181, 'Seychelles'),
(182, 'Sierra Leona'),
(183, 'Singapur'),
(184, 'Siria'),
(185, 'Somalia'),
(186, 'Sri Lanka'),
(187, 'St. Vicent y Grenadines'),
(188, 'St.Kitts & Nevis'),
(189, 'Sudan'),
(190, 'Suecia'),
(191, 'Suiza'),
(192, 'Sur Georgia e I. Sandwich'),
(193, 'Surafrica'),
(194, 'Surinam'),
(195, 'Swazilandia'),
(196, 'Tailandia'),
(197, 'Taiwan'),
(198, 'Tajikistan'),
(199, 'Tanzania'),
(200, 'Togo'),
(201, 'Tonga'),
(202, 'Trinidad y Tobago'),
(203, 'Tunez'),
(204, 'Turkmenistan'),
(205, 'Turquia'),
(206, 'Tuvalu'),
(207, 'Ucrania'),
(208, 'Uganda'),
(209, 'Uruguay'),
(210, 'Uzbekistan'),
(211, 'Vanuatu'),
(212, 'Vaticano'),
(213, 'Venezuela'),
(214, 'Vietnam'),
(215, 'Yemen'),
(216, 'Yibuti'),
(217, 'Yugoslavia'),
(218, 'Zaire'),
(219, 'Zambia'),
(220, 'Zimbabwe');

-- --------------------------------------------------------

--
-- Table structure for table `rangoconsumos`
--

CREATE TABLE IF NOT EXISTS `rangoconsumos` (
  `idRangoConsumo` int(11) NOT NULL AUTO_INCREMENT,
  `Rango` varchar(30) NOT NULL,
  PRIMARY KEY (`idRangoConsumo`)
) ENGINE=InnoDB  DEFAULT CHARSET=utf8 AUTO_INCREMENT=7 ;

--
-- Dumping data for table `rangoconsumos`
--

INSERT INTO `rangoconsumos` (`idRangoConsumo`, `Rango`) VALUES
(1, '0 - 5 km/l'),
(2, '5 - 10 km/l'),
(3, '10 - 15 km/l'),
(4, '15 - 20 km/l'),
(5, '20 - 30 km/l'),
(6, '30 o mas km/l');

-- --------------------------------------------------------

--
-- Table structure for table `rangokilometros`
--

CREATE TABLE IF NOT EXISTS `rangokilometros` (
  `idRangoKilometro` int(11) NOT NULL AUTO_INCREMENT,
  `Rango` varchar(20) NOT NULL,
  PRIMARY KEY (`idRangoKilometro`)
) ENGINE=InnoDB  DEFAULT CHARSET=utf8 AUTO_INCREMENT=7 ;

--
-- Dumping data for table `rangokilometros`
--

INSERT INTO `rangokilometros` (`idRangoKilometro`, `Rango`) VALUES
(1, '0 - 25,000 km'),
(2, '25,000 - 50,000 km'),
(3, '50,000 - 100,000 km'),
(4, '100,000 - 150,000 km'),
(5, '150,000 - 200,000 km'),
(6, '200,000 km o mas');

-- --------------------------------------------------------

--
-- Table structure for table `terminacionplacas`
--

CREATE TABLE IF NOT EXISTS `terminacionplacas` (
  `idTerminacionPlaca` int(11) NOT NULL AUTO_INCREMENT,
  `Numero` int(11) NOT NULL,
  PRIMARY KEY (`idTerminacionPlaca`)
) ENGINE=InnoDB  DEFAULT CHARSET=utf8 AUTO_INCREMENT=11 ;

--
-- Dumping data for table `terminacionplacas`
--

INSERT INTO `terminacionplacas` (`idTerminacionPlaca`, `Numero`) VALUES
(1, 0),
(2, 1),
(3, 2),
(4, 3),
(5, 4),
(6, 5),
(7, 6),
(8, 7),
(9, 8),
(10, 9);

-- --------------------------------------------------------

--
-- Table structure for table `tipoautos`
--

CREATE TABLE IF NOT EXISTS `tipoautos` (
  `idTipoAuto` int(11) NOT NULL AUTO_INCREMENT,
  `Nombre` varchar(15) NOT NULL,
  PRIMARY KEY (`idTipoAuto`)
) ENGINE=InnoDB  DEFAULT CHARSET=utf8 AUTO_INCREMENT=12 ;

--
-- Dumping data for table `tipoautos`
--

INSERT INTO `tipoautos` (`idTipoAuto`, `Nombre`) VALUES
(1, 'compacto'),
(2, 'sedan'),
(3, 'convertible'),
(4, 'familiar'),
(5, 'pickup'),
(6, 'todo terreno'),
(7, 'minivan'),
(8, 'furgoneta'),
(9, 'clasico'),
(10, 'deportivo'),
(11, 'otro');

-- --------------------------------------------------------

--
-- Table structure for table `tipoenergias`
--

CREATE TABLE IF NOT EXISTS `tipoenergias` (
  `idTipoEnergia` int(11) NOT NULL AUTO_INCREMENT,
  `Nombre` varchar(10) NOT NULL,
  PRIMARY KEY (`idTipoEnergia`)
) ENGINE=InnoDB  DEFAULT CHARSET=utf8 AUTO_INCREMENT=7 ;

--
-- Dumping data for table `tipoenergias`
--

INSERT INTO `tipoenergias` (`idTipoEnergia`, `Nombre`) VALUES
(1, 'Diesel'),
(2, 'Electrico'),
(3, 'Gas LP'),
(4, 'Hibrido'),
(5, 'Magna'),
(6, 'Premium');

-- --------------------------------------------------------

--
-- Table structure for table `tipoengomados`
--

CREATE TABLE IF NOT EXISTS `tipoengomados` (
  `idTipoEngomado` int(11) NOT NULL AUTO_INCREMENT,
  `Nombre` varchar(10) NOT NULL,
  PRIMARY KEY (`idTipoEngomado`)
) ENGINE=InnoDB  DEFAULT CHARSET=utf8 AUTO_INCREMENT=6 ;

--
-- Dumping data for table `tipoengomados`
--

INSERT INTO `tipoengomados` (`idTipoEngomado`, `Nombre`) VALUES
(1, 'Exento'),
(2, '00'),
(3, '0'),
(4, '1'),
(5, '2');

-- --------------------------------------------------------

--
-- Table structure for table `tipotransmisiones`
--

CREATE TABLE IF NOT EXISTS `tipotransmisiones` (
  `idTipoTransmision` int(11) NOT NULL AUTO_INCREMENT,
  `Nombre` varchar(15) NOT NULL,
  PRIMARY KEY (`idTipoTransmision`)
) ENGINE=InnoDB  DEFAULT CHARSET=utf8 AUTO_INCREMENT=3 ;

--
-- Dumping data for table `tipotransmisiones`
--

INSERT INTO `tipotransmisiones` (`idTipoTransmision`, `Nombre`) VALUES
(1, 'Automatica'),
(2, 'Manual');

-- --------------------------------------------------------

--
-- Table structure for table `usuarios`
--

CREATE TABLE IF NOT EXISTS `usuarios` (
  `idusuarios` int(11) NOT NULL AUTO_INCREMENT,
  `Nombre` varchar(50) NOT NULL,
  `Apellido` varchar(50) NOT NULL,
  `Email` varchar(30) NOT NULL,
  `Contrasena` char(64) NOT NULL,
  `Telefono` varchar(45) DEFAULT NULL,
  `FechaNacimiento` date DEFAULT NULL,
  `idPaisNacimiento` int(10) DEFAULT NULL,
  `idEstadoNacimiento` int(10) DEFAULT NULL,
  `idCiudadNacimiento` int(10) DEFAULT NULL,
  `EstadoNacimiento` varchar(45) DEFAULT NULL,
  `CiudadNacimiento` varchar(45) DEFAULT NULL,
  `idPaisDireccion` int(10) DEFAULT NULL,
  `idEstadoDireccion` int(10) DEFAULT NULL,
  `idCiudadDireccion` int(10) DEFAULT NULL,
  `EstadoDireccion` varchar(45) DEFAULT NULL,
  `CiudadDireccion` varchar(45) DEFAULT NULL,
  `CodigoPostal` varchar(15) DEFAULT NULL,
  `Calle` varchar(150) DEFAULT NULL,
  `EvaluacionDuennio` float DEFAULT '0',
  `EvaluacionArrendador` float DEFAULT NULL,
  `FechaRegistro` datetime NOT NULL,
  `FechaActualizacion` datetime DEFAULT NULL,
  `UltimoLogin` datetime DEFAULT NULL,
  `Newsletter` tinyint(1) DEFAULT '0',
  `CuentaBancaria` char(64) DEFAULT NULL,
  `Edad` int(3) DEFAULT NULL,
  `Confirmado` tinyint(1) NOT NULL DEFAULT '0',
  `Salt` char(16) DEFAULT NULL,
  `FotoPerfil` varchar(150) DEFAULT NULL,
  `FotoLicencia` varchar(150) DEFAULT NULL,
  `FechaAntiguedad` date DEFAULT NULL,
  `FechaExpiracion` date DEFAULT NULL,
  `NumeroLicencia` varchar(40) DEFAULT NULL,
  PRIMARY KEY (`idusuarios`)
) ENGINE=InnoDB  DEFAULT CHARSET=utf8 AUTO_INCREMENT=29 ;

--
-- Dumping data for table `usuarios`
--

INSERT INTO `usuarios` (`idusuarios`, `Nombre`, `Apellido`, `Email`, `Contrasena`, `Telefono`, `FechaNacimiento`, `idPaisNacimiento`, `idEstadoNacimiento`, `idCiudadNacimiento`, `EstadoNacimiento`, `CiudadNacimiento`, `idPaisDireccion`, `idEstadoDireccion`, `idCiudadDireccion`, `EstadoDireccion`, `CiudadDireccion`, `CodigoPostal`, `Calle`, `EvaluacionDuennio`, `EvaluacionArrendador`, `FechaRegistro`, `FechaActualizacion`, `UltimoLogin`, `Newsletter`, `CuentaBancaria`, `Edad`, `Confirmado`, `Salt`, `FotoPerfil`, `FotoLicencia`, `FechaAntiguedad`, `FechaExpiracion`, `NumeroLicencia`) VALUES
(1, 'Sergio', 'Castillo', 'sergio@animatio.mx', 'cbdce41f05756604af284ab05613f225d943b18258422c760acc7b9820a81409', NULL, NULL, NULL, NULL, NULL, NULL, NULL, NULL, NULL, NULL, NULL, NULL, NULL, NULL, 0, NULL, '0000-00-00 00:00:00', NULL, NULL, 0, NULL, NULL, 0, '32ac831a3a6af6ed', NULL, NULL, NULL, NULL, NULL),
(2, 'Sergio', 'Castillo', 'sergio@castillo.com', '89b12db6e71a6d8d81fa5563b76af19812c1d84d5886d8a4b1bb107964b2b98a', NULL, NULL, NULL, NULL, NULL, NULL, NULL, NULL, NULL, NULL, NULL, NULL, NULL, NULL, 0, NULL, '0000-00-00 00:00:00', NULL, NULL, 0, NULL, NULL, 0, '55695bc54939b923', NULL, NULL, NULL, NULL, NULL),
(3, 'Sergio2', 'Castillo2', 'a@a.com', 'c1c6d7fb29eba9cff0097a95722801040da62b64d9bfa33a41a839d3ee0550a4', NULL, NULL, NULL, NULL, NULL, NULL, NULL, NULL, NULL, NULL, NULL, NULL, NULL, NULL, 0, NULL, '0000-00-00 00:00:00', NULL, NULL, 0, NULL, NULL, 0, '7cdaad5c2a6bd6c5', NULL, NULL, NULL, NULL, NULL),
(4, 'Sergio3', 'C', 'a@b.com', '906ac6b872a6a5dd9ce68ac79c8c7bfd6cc9b8c87a6c4286706d29cbfd6117ea', NULL, NULL, NULL, NULL, NULL, NULL, NULL, NULL, NULL, NULL, NULL, NULL, NULL, NULL, 0, NULL, '0000-00-00 00:00:00', NULL, NULL, 0, NULL, NULL, 0, '3e70198b70094508', NULL, NULL, NULL, NULL, NULL),
(5, 'Juan', 'Perez', 'a@c.com', 'd4e49341f510ef30d559dbe30e846fea86de019cabff6729a1ef3521b7d103d2', NULL, NULL, NULL, NULL, NULL, NULL, NULL, NULL, NULL, NULL, NULL, NULL, NULL, NULL, 0, NULL, '0000-00-00 00:00:00', NULL, NULL, 0, NULL, NULL, 0, '616859d453af42a7', NULL, NULL, NULL, NULL, NULL),
(6, 'juan', 'gonzalez', 'a@d.com', '704976f1d6b48a2a4eaaf18e1d60de37ec72952d0cbc90a32cade17f5bf386d8', NULL, NULL, NULL, NULL, NULL, NULL, NULL, NULL, NULL, NULL, NULL, NULL, NULL, NULL, 0, NULL, '0000-00-00 00:00:00', NULL, NULL, 0, NULL, NULL, 0, '189b02d73344dc8f', NULL, NULL, NULL, NULL, NULL),
(7, 'Pedro', 'Perez', 'a@e.com', '202bd3dbff7abae6cdc966c6292a7613c0e46b645f8b465286b13f44d3d85eae', NULL, NULL, NULL, NULL, NULL, NULL, NULL, NULL, NULL, NULL, NULL, NULL, NULL, NULL, 0, NULL, '0000-00-00 00:00:00', NULL, NULL, 0, NULL, NULL, 0, '715e4206eb5f730', NULL, NULL, NULL, NULL, NULL),
(8, 'Juan', 'Lara', 'a@f.com', 'bd2966652aabf3b596c4b871526aade7f01d53b570eec8995c151cd54a82164a', NULL, NULL, NULL, NULL, NULL, NULL, NULL, NULL, NULL, NULL, NULL, NULL, NULL, NULL, 0, NULL, '0000-00-00 00:00:00', NULL, NULL, 0, NULL, NULL, 0, '1fff80e75e6f74fc', NULL, NULL, NULL, NULL, NULL),
(9, 'Pedro', 'Garcia', 'a@g.com', 'b9a8cf37df3d4b9d1375184b7d16119518b90902983045ab1436e4e709aca558', NULL, NULL, NULL, NULL, NULL, NULL, NULL, NULL, NULL, NULL, NULL, NULL, NULL, NULL, 0, NULL, '0000-00-00 00:00:00', NULL, NULL, 0, NULL, NULL, 0, '1d09cd43fc8888', NULL, NULL, NULL, NULL, NULL),
(10, 'Juan', 'Rosete', 'a@h.com', 'ff2f839c0d53e75c86bf3172963ac1920b34f0559ea1ded69f43740d041b8369', NULL, NULL, NULL, NULL, NULL, NULL, NULL, NULL, NULL, NULL, NULL, NULL, NULL, NULL, 0, NULL, '0000-00-00 00:00:00', NULL, NULL, 0, NULL, NULL, 0, '3a15a8bb49835b5c', NULL, NULL, NULL, NULL, NULL),
(11, 'Omar', 'Prieto', 'a@i.com', '17b510b50d310f525fe306d7daece18b627526d39fbde3bbaca9f887dc4c0d2d', NULL, NULL, NULL, NULL, NULL, NULL, NULL, NULL, NULL, NULL, NULL, NULL, NULL, NULL, 0, NULL, '0000-00-00 00:00:00', NULL, NULL, 0, NULL, NULL, 0, '523289e821fcd27e', NULL, NULL, NULL, NULL, NULL),
(12, 'Gonzalo', 'Garcia', 'a@j.com', '1f2edad9d11558ca3b68946c939d502cd23b1477893f315c4e88645ac9e4dd9e', NULL, NULL, NULL, NULL, NULL, NULL, NULL, NULL, NULL, NULL, NULL, NULL, NULL, NULL, 0, NULL, '0000-00-00 00:00:00', NULL, NULL, 0, NULL, NULL, 0, '381244b45f0cdfd7', NULL, NULL, NULL, NULL, NULL),
(13, 'Walter', 'Mendoza', 'a@k.com', 'a2e3ea4a4c75e8e6f10b0d63f5812f9cd9210999f50ba5605774b8d2cb8edef8', NULL, NULL, NULL, NULL, NULL, NULL, NULL, NULL, NULL, NULL, NULL, NULL, NULL, NULL, 0, NULL, '0000-00-00 00:00:00', NULL, NULL, 0, NULL, NULL, 0, '6d706d234e64b0e7', NULL, NULL, NULL, NULL, NULL),
(14, 'Pablo', 'Zarate', 'a@l.com', 'a3af8d66c709bc5e1c220fdc8db5956195bf18992464b7a739e3cda305378f4a', NULL, NULL, NULL, NULL, NULL, NULL, NULL, NULL, NULL, NULL, NULL, NULL, NULL, NULL, 0, NULL, '0000-00-00 00:00:00', NULL, NULL, 0, NULL, NULL, 0, '6657133c121d7bf4', NULL, NULL, NULL, NULL, NULL),
(15, 'Kevin', 'Rojas', 'a@m.com', '1d0d3a5d9aea50874e37e1d403dc74033319b58d55d8050cf851d2bb08b1d453', NULL, NULL, NULL, NULL, NULL, NULL, NULL, NULL, NULL, NULL, NULL, NULL, NULL, NULL, 0, NULL, '0000-00-00 00:00:00', NULL, NULL, 0, NULL, NULL, 0, '6c29e5475744c789', NULL, NULL, NULL, NULL, NULL),
(16, 'Tony', 'Gonzalez', 'a@n.com', '66ba011f93a81465915b4e7ae5b754f9994fce7641eabc7cf53f6d5ef85e4670', NULL, NULL, NULL, NULL, NULL, NULL, NULL, NULL, NULL, NULL, NULL, NULL, NULL, NULL, 0, NULL, '0000-00-00 00:00:00', NULL, NULL, 0, NULL, NULL, 0, '7545a60950aeac46', NULL, NULL, NULL, NULL, NULL),
(17, 'Rosa', 'Delgado', 'a@o.com', '8b1dfaeca7008874df2c2f4330b1355554a852cc5b2aa9f7d10e47137b027777', NULL, NULL, NULL, NULL, NULL, NULL, NULL, NULL, NULL, NULL, NULL, NULL, NULL, NULL, 0, NULL, '0000-00-00 00:00:00', NULL, NULL, 0, NULL, NULL, 0, '11c30e662af831a', NULL, NULL, NULL, NULL, NULL),
(18, 'Fernando', 'Robles', 'a@p.com', '0ceae15ba6fe351cbfa0aa249535b8d8080dd087696e3f2a10c352025761a206', NULL, NULL, NULL, NULL, NULL, NULL, NULL, NULL, NULL, NULL, NULL, NULL, NULL, NULL, 0, NULL, '0000-00-00 00:00:00', NULL, NULL, 0, NULL, NULL, 0, '1b95bac69dfebf2', NULL, NULL, NULL, NULL, NULL),
(19, 'Valeria', 'Jimenez', 'a@q.com', 'eddc4eee89b0f15ee56adf106268cd8b766796a0ae1e4e8bd3cd228f3da7dcd4', NULL, NULL, NULL, NULL, NULL, NULL, NULL, NULL, NULL, NULL, NULL, NULL, NULL, NULL, 0, NULL, '0000-00-00 00:00:00', NULL, NULL, 0, NULL, NULL, 0, 'd885cb42c31f9f9', NULL, NULL, NULL, NULL, NULL),
(20, 'Ursula', 'Lopez', 'a@r.com', '1fc3e5cfe7fef999175e42e57412558484e9934ce8d75652066a5e20b0f3db71', NULL, NULL, NULL, NULL, NULL, NULL, NULL, NULL, NULL, NULL, NULL, NULL, NULL, NULL, 0, NULL, '0000-00-00 00:00:00', NULL, NULL, 0, NULL, NULL, 0, '6c49e2252761e112', NULL, NULL, NULL, NULL, NULL),
(21, 'Hector', 'Flores', 'a@s.com', 'a1c6f8b791cb03f77adbd9b0e3034e8969d74c2fa415081230498672c4dd7727', NULL, NULL, NULL, NULL, NULL, NULL, NULL, NULL, NULL, NULL, NULL, NULL, NULL, NULL, 0, NULL, '0000-00-00 00:00:00', NULL, NULL, 0, NULL, NULL, 0, '3daeaf9b5eab9ef5', NULL, NULL, NULL, NULL, NULL),
(22, 'Juan', 'Perez', 'a@t.com', '5d87995a80bfbf7887fd866ec122b77fb9e853b4a9b6f3113ac8643024b22baa', NULL, NULL, NULL, NULL, NULL, NULL, NULL, NULL, NULL, NULL, NULL, NULL, NULL, NULL, 0, NULL, '0000-00-00 00:00:00', NULL, NULL, 0, NULL, NULL, 0, '1d8589e918787d65', NULL, NULL, NULL, NULL, NULL),
(23, 'Adrian', 'Galvan', 'a@z.com', '71613f200323dde59e5c256c1587deb5af5d93c7ae65dec0e1212e3bf2d9981f', NULL, NULL, NULL, NULL, NULL, NULL, NULL, NULL, NULL, NULL, NULL, NULL, NULL, NULL, 0, NULL, '0000-00-00 00:00:00', NULL, NULL, 0, NULL, NULL, 0, 'a109787190ed462', NULL, NULL, NULL, NULL, NULL),
(24, 'Lorenzo', 'Meyer', 'lorenzo@meyer.com', '5bb5fd0d9c69e58e237c39fa9972e6b8cc20062f713de5daa7bc086482a46e76', NULL, NULL, NULL, NULL, NULL, NULL, NULL, NULL, NULL, NULL, NULL, NULL, NULL, NULL, 0, NULL, '0000-00-00 00:00:00', NULL, NULL, 0, NULL, NULL, 0, 'a8fd7d19950752', NULL, NULL, NULL, NULL, NULL),
(25, 'Bernardo', 'Lobisky', 'falso5@gmail.com', '7e3d2ec4d927d0a599be35e7ea9b1fd1a0bfa85c7a48766dd2b079b95fdd1dc7', '1234567890', '1997-04-12', 141, NULL, NULL, NULL, NULL, 141, 24, 1230, '', '', '72310', 'Plazuela de la granja 1456', 0, NULL, '0000-00-00 00:00:00', '2015-04-27 00:42:42', '2015-04-27 11:28:00', 0, 'bf2ab5fd01cf6247a146ad70b2294a005263a037306153320901fe3bdac41be2', 18, 1, '7ac300ad73c816ad', '0581f0698c5e07f6f8f54cdf3f37345e47053d49b8fd7b545d414b708f620cb2.jpg', '08e3357f99976b6f18747e5489d05bcdb231852581ef34fae2f5640bb275f751.jpg', NULL, NULL, '1234567'),
(26, 'JojoJorge', 'Falcon', 'jorge@falcon.com', 'b4a253c9d7050c39ddde738173c6a4434a8b87e5c245bf43f0e67e8b27d4613d', NULL, NULL, NULL, NULL, NULL, NULL, NULL, NULL, NULL, NULL, NULL, NULL, NULL, NULL, 0, NULL, '0000-00-00 00:00:00', NULL, NULL, 0, NULL, NULL, 0, '5c9a61c225bc7602', NULL, NULL, NULL, NULL, NULL),
(27, '', '', '', 'e1ba7de08742ef0513fcca07077a70a729a46fdb670985a2c882609c607f7d4f', NULL, NULL, NULL, NULL, NULL, NULL, NULL, NULL, NULL, NULL, NULL, NULL, NULL, NULL, 0, NULL, '0000-00-00 00:00:00', NULL, NULL, 0, NULL, NULL, 0, '5771269e66531640', NULL, NULL, NULL, NULL, NULL),
(28, 'Julian', 'Perez', 'julian@verdadero.com|eliminado', 'e9c40b8aba6d13804ccf1f344677f969d83310a303a7d9544aaa835907f0efe2', '', '1990-11-01', 141, NULL, NULL, NULL, NULL, 141, 24, 1234, '', '', '72300', 'Calle 3 #1345, Col. Principal', 0, NULL, '2015-04-13 10:20:29', '2015-04-13 10:31:25', NULL, 0, NULL, NULL, 0, '670dac9a64735c94', 'a40bb7662fac7109bfaa78088d1665c295be1c563c229f78a5d0865d6eec9dc4.png', 'ede24ae1dfc57016fef87d96d9aa4f9170f7bca9a9fc3202e2899fe971959259.png', '2015-04-01', '2015-04-30', '09876543');

/*!40101 SET CHARACTER_SET_CLIENT=@OLD_CHARACTER_SET_CLIENT */;
/*!40101 SET CHARACTER_SET_RESULTS=@OLD_CHARACTER_SET_RESULTS */;
/*!40101 SET COLLATION_CONNECTION=@OLD_COLLATION_CONNECTION */;
